Key,comment,ja-jp,en-us,zh-cn,zh-tw,ko-kr,es-es,ar-sa,
PluginName,プラグイン名,統合 MIDI読み込み,MIDI Import/Edit,MIDI Import/Edit,MIDI Import/Edit,MIDI Import/Edit,MIDI Import/Edit,MIDI Import/Edit,
PluginWriterName,書き出しプラグイン名,MIDI ファイル出力,MIDI Export,MIDI Export,MIDI Export,MIDI Export,MIDI Export,MIDI Export,
PluginToolName,ツールプラグイン名,MIDI エディター,MIDI Editor,MIDI Editor,MIDI Editor,MIDI Editor,MIDI Editor,MIDI Editor
NoteVoicePluginName,NoteVoiceプラグイン名,ノート記法音声合成,Note Notation Synthesis,音符记谱法合成,音符記譜法合成,음표 표기법 합성,Síntesis de Notación de Notas,تركيب تدوين الملاحظات,
NoteVoiceSettingsName,NoteVoice設定名,ノート記法音声合成 設定,Note Notation Synthesis Settings,音符记谱法合成设置,音符記譜法合成設定,음표 표기법 합성 설정,Configuración de Síntesis de Notación de Notas,إعدادات تركيب تدوين الملاحظات,
NoteVoiceSpeakerEngineName,NoteVoiceスピーカーエンジン名,ノート記法シンセサイザー,Note Notation Synthesizer,音符记谱法合成器,音符記譜法合成器,음표 표기법 신디사이저,Sintetizador de Notación de Notas,مركب تدوين الملاحظات,
KanjiToYomiNotSupported,漢字読み変換非対応エラー,漢字読み変換はサポートされていません。,Kanji to Yomi conversion is not supported.,不支持汉字到读音转换。,不支援漢字到讀音轉換。,한자 읽기 변환은 지원되지 않습니다.,La conversión de Kanji a Yomi no es compatible.,تحويل كانجي إلى يومي غير مدعوم.,
DefaultSynthModelName,デフォルトSynthモデル名,DefaultSynth,DefaultSynth,DefaultSynth,DefaultSynth,DefaultSynth,DefaultSynth,DefaultSynth,
DefaultSoundFontModelName,デフォルトSoundFontモデル名,DefaultSoundFont,DefaultSoundFont,DefaultSoundFont,DefaultSoundFont,DefaultSoundFont,DefaultSoundFont,DefaultSoundFont,
CreateNewModelWindowTitle,新規モデル作成ウィンドウタイトル,新規モデル作成,Create New Model,创建新模型,建立新模型,새 모델 만들기,Crear Nuevo Modelo,إنشاء نموذج جديد,
ModelNameLabel,モデル名ラベル,モデル名:,Model Name:,模型名称：,模型名稱：,모델 이름:,Nombre del Modelo:,اسم النموذج:,
ModelTypeLabel,モデルタイプラベル,モデルタイプ:,Model Type:,模型类型：,模型類型：,모델 유형:,Tipo de Modelo:,نوع النموذج:,
InternalSynthRadioButton,内蔵Synthラジオボタン,内蔵Synth,Internal Synth,内置合成器,內建Synth,내장 신스,Sintetizador Interno,مركب داخلي,
SoundFontRadioButton,SoundFontラジオボタン,SoundFont,SoundFont,SoundFont,SoundFont,사운드폰트,SoundFont,SoundFont,
CreateButton,作成ボタン,作成,Create,创建,建立,만들기,Crear,إنشاء,
CancelButton,キャンセルボタン,キャンセル,Cancel,取消,取消,취소,Cancelar,إلغاء,
OkButton,OKボタン,OK,OK,确定,確定,확인,Aceptar,موافق,
NoteVoiceSettingsSampleRateLabel,NoteVoice設定サンプルレートラベル,サンプルレート (Hz),Sample Rate (Hz),采样率 (Hz),取樣率 (Hz),샘플 속도 (Hz),Tasa de Muestreo (Hz),معدل العينة (هرتز),
NoteVoiceSettingsModelSelectionHeader,NoteVoice設定モデル選択ヘッダー,音源モデル選択,Voice Model Selection,音源模型选择,音源模型選擇,음원 모델 선택,Selección de Modelo de Voz,اختيار نموذج الصوت,
NoteVoiceSettingsNewButton,NoteVoice設定新規ボタン,新規,New,新建,新增,신규,Nuevo,جديد,
NoteVoiceSettingsSaveButton,NoteVoice設定保存ボタン,保存,Save,保存,儲存,저장,Guardar,حفظ,
NoteVoiceSettingsSoundFontLayerSettingsHeader,NoteVoice設定SoundFontレイヤー設定ヘッダー,SoundFontレイヤー設定,SoundFont Layer Settings,SoundFont层设置,SoundFont圖層設定,사운드폰트 레이어 설정,Configuración de Capas de SoundFont,إعدادات طبقة SoundFont,
NoteVoiceSettingsAddLayerButton,NoteVoice設定レイヤー追加ボタン,レイヤー追加,Add Layer,添加层,新增圖層,레이어 추가,Añadir Capa,إضافة طبقة,
NoteVoiceSettingsBrowseAddButton,NoteVoice設定参照して追加ボタン,参照して追加...,Browse and Add...,浏览并添加...,瀏覽並新增...,찾아보기 및 추가...,Explorar y Añadir...,استعراض وإضافة...,
NoteVoiceSettingsUpdateFileListTooltip,NoteVoice設定ファイルリスト更新ツールチップ,ファイルリストを更新,Update File List,更新文件列表,更新檔案清單,파일 목록 업데이트,Actualizar Lista de Archivos,تحديث قائمة الملفات,
NoteVoiceSettingsMoveLayerUpTooltip,NoteVoice設定レイヤーを上に移動ツールチップ,上へ,Move Up,上移,上移,위로 이동,Mover Arriba,تحريك لأعلى,
NoteVoiceSettingsMoveLayerDownTooltip,NoteVoice設定レイヤーを下に移動ツールチップ,下へ,Move Down,下移,下移,아래로 이동,Mover Abajo,تحريك لأسفل,
NoteVoiceSettingsDeleteLayerTooltip,NoteVoice設定レイヤー削除ツールチップ,削除,Delete,删除,刪除,삭제,Eliminar,حذف,
NoteVoiceSettingsInternalSynthSettingsHeader,NoteVoice設定内蔵シンセサイザー設定ヘッダー,内蔵シンセサイザー設定,Internal Synthesizer Settings,内置合成器设置,內建合成器設定,내장 신디사이저 설정,Configuración del Sintetizador Interno,إعدادات المركب الداخلي,
NoteVoiceSettingsDefaultWaveformLabel,NoteVoice設定デフォルト波形ラベル,デフォルト波形,Default Waveform,默认波形,預設波形,기본 파형,Forma de Onda Predeterminada,الشكل الموجي الافتراضي,
NoteVoiceSettingsDefaultWaveformTooltip,NoteVoice設定デフォルト波形ツールチップ,音色の基本となる波形です。,This is the basic waveform for the timbre.,音色的基本波形。,音色的基本波形。,음색의 기본 파형입니다.,Esta es la forma de onda básica para el timbre.,هذا هو الشكل الموجي الأساسي للجرس.,
NoteVoiceSettingsAttackLabel,NoteVoice設定アタックラベル,アタック (s),Attack (s),起音 (秒),起音 (秒),어택 (초),Ataque (s),الهجوم (ث),
NoteVoiceSettingsAttackTooltip,NoteVoice設定アタックツールチップ,音が最大音量に達する時間(秒)。,Time in seconds for the sound to reach maximum volume.,声音达到最大音量所需的时间（秒）。,聲音達到最大音量所需的時間（秒）。,소리가 최대 볼륨에 도달하는 시간(초).,Tiempo en segundos para que el sonido alcance el volumen máximo.,الوقت بالثواني لوصول الصوت إلى أقصى مستوى صوت.,
NoteVoiceSettingsDecayLabel,NoteVoice設定ディケイラベル,ディケイ (s),Decay (s),衰减 (秒),衰減 (秒),디케이 (초),Decaimiento (s),الاضمحلال (ث),
NoteVoiceSettingsDecayTooltip,NoteVoice設定ディケイツールチップ,最大音量からサステインレベルに減衰する時間(秒)。,Time in seconds to decay from maximum volume to sustain level.,从最大音量衰减到持续音量所需的时间（秒）。,從最大音量衰減到持續音量所需的時間（秒）。,최대 볼륨에서 서스테인 레벨까지 감쇠하는 시간(초).,Tiempo en segundos para decaer desde el volumen máximo hasta el nivel de sostenido.,الوقت بالثواني للانحلال من الحجم الأقصى إلى مستوى الاستدامة.,
NoteVoiceSettingsSustainLabel,NoteVoice設定サステインラベル,サステインレベル,Sustain Level,持续音量,持續音量,서스테인 레벨,Nivel de Sostenido,مستوى الاستدامة,
NoteVoiceSettingsSustainTooltip,NoteVoice設定サステインツールチップ,音が持続する間の音量レベル(0-1)。,Volume level while the sound persists (0-1).,声音持续期间的音量级别 (0-1)。,聲音持續期間的音量級別 (0-1)。,소리가 지속되는 동안의 볼륨 레벨(0-1).,Nivel de volumen mientras persiste el sonido (0-1).,مستوى الصوت أثناء استمرار الصوت (0-1).,
NoteVoiceSettingsReleaseLabel,NoteVoice設定リリースラベル,リリース (s),Release (s),释放 (秒),釋放 (秒),릴리스 (초),Liberación (s),التحرير (ث),
NoteVoiceSettingsReleaseTooltip,NoteVoice設定リリースツールチップ,ノートが離されてから音が消えるまでの時間(秒)。,Time in seconds for the sound to fade after the note is released.,音符释放后声音消失所需的时间（秒）。,音符釋放後聲音消失所需的時間（秒）。,노트에서 손을 뗀 후 소리가 사라질 때까지의 시간(초).,Tiempo en segundos para que el sonido se desvanezca después de soltar la nota.,الوقت بالثواني حتى يتلاشى الصوت بعد تحرير النوتة.,
NoteVoiceSettingsBandlimitedSynthCheckbox,NoteVoice設定バンドリミテッド合成チェックボックス,バンドリミテッド合成 (高周波ノイズ削減),Bandlimited Synthesis (Reduce high-frequency noise),带限合成（减少高频噪声）,帶限合成（減少高頻噪音）,밴드리미티드 합성 (고주파 노이즈 감소),Síntesis de Banda Limitada (Reduce el ruido de alta frecuencia),تركيب محدود النطاق (تقليل ضوضاء التردد العالي),
NoteVoiceSettingsBandlimitedSynthTooltip,NoteVoice設定バンドリミテッド合成ツールチップ,有効にするとエイリアシングノイズを低減しますが、わずかにCPU負荷が増加します。,Enabling reduces aliasing noise but slightly increases CPU load.,启用可减少混叠噪声，但会略微增加CPU负载。,啟用可減少混疊噪音，但會略微增加CPU負載。,활성화하면 에일리어싱 노이즈를 줄이지만 CPU 부하가 약간 증가합니다.,Habilitarlo reduce el ruido de aliasing pero aumenta ligeramente la carga de la CPU.,يؤدي التمكين إلى تقليل ضوضاء التعرج ولكنه يزيد قليلاً من حمل وحدة المعالجة المركزية.,
NoteVoiceSettingsModelManagementTab,NoteVoice設定モデル管理タブ,モデル管理,Model Management,模型管理,模型管理,모델 관리,Gestión de Modelos,إدارة النماذج,
NoteVoiceSettingsModelManagementHeader,NoteVoice設定モデル管理ヘッダー,音源モデル管理,Voice Model Management,音源模型管理,音源模型管理,음원 모델 관리,Gestión de Modelos de Voz,إدارة نماذج الصوت,
NoteVoiceSettingsRenameButton,NoteVoice設定名前変更ボタン,名前変更,Rename,重命名,重新命名,이름 변경,Renombrar,إعادة تسمية,
NoteVoiceSettingsDeleteButton,NoteVoice設定削除ボタン,削除,Delete,删除,刪除,삭제,Eliminar,حذف,
RenameModelWindowTitle,モデル名変更ウィンドウタイトル,モデル名の変更,Rename Model,重命名模型,重新命名模型,모델 이름 변경,Renombrar Modelo,إعادة تسمية النموذج,
NewModelNamePrompt,新規モデル名プロンプト,新しいモデル名を入力してください:,Enter the new model name:,请输入新的模型名称：,請輸入新的模型名稱：,새 모델 이름을 입력하세요:,Introduzca el nuevo nombre del modelo:,أدخل اسم النموذج الجديد:,
ConfirmDeleteModelMessage,モデル削除確認メッセージ,モデル '{0}' を削除しますか？,Delete model '{0}'?,删除模型“{0}”？,刪除模型「{0}」？,모델 '{0}'을(를) 삭제하시겠습니까?,¿Eliminar modelo '{0}'?,هل تريد حذف النموذج '{0}'؟,
DeleteConfirmationTitle,削除確認タイトル,削除確認,Confirm Deletion,确认删除,確認刪除,삭제 확인,Confirmar Eliminación,تأكيد الحذف,
InvalidOrExistingModelNameError,無効または既存のモデル名エラー,モデル名が無効か、既に存在します。,Model name is invalid or already exists.,模型名称无效或已存在。,模型名稱無效或已存在。,모델 이름이 잘못되었거나 이미 존재합니다.,El nombre del modelo no es válido o ya existe.,اسم النموذج غير صالح أو موجود بالفعل.,
ErrorTitle,エラータイトル,エラー,Error,错误,錯誤,오류,Error,خطأ,
AudioTabHeader,音声タブヘッダー,音声,Audio,音频,音訊,오디오,Audio,الصوت,
PresetGroupHeader,プリセットグループヘッダー,プリセット,Presets,预设,預設,프리셋,Preajustes,الإعدادات المسبقة,
BasicSettingsGroupHeader,基本設定グループヘッダー,基本設定,Basic Settings,基本设置,基本設定,기본 설정,Configuración Básica,الإعدادات الأساسية,
SampleRateLabel,サンプルレートラベル,サンプルレート (Hz),Sample Rate (Hz),采样率 (Hz),取樣率 (Hz),샘플 속도 (Hz),Tasa de Muestreo (Hz),معدل العينة (هرتز),
SampleRateTooltip,サンプルレートツールチップ,1秒間に音声をサンプリングする回数です。値が高いほど音質が向上しますが、CPU負荷も増加します。CD音質は44100Hzです。,The number of times audio is sampled per second. Higher values improve sound quality but increase CPU load. CD quality is 44100Hz.,每秒采样音频的次数。值越高，音质越好，但CPU负载也会增加。CD音质为44100Hz。,每秒取樣音訊的次數。值越高，音質越好，但CPU負載也會增加。CD音質為44100Hz。,초당 오디오를 샘플링하는 횟수입니다. 값이 높을수록 음질이 향상되지만 CPU 부하도 증가합니다. CD 음질은 44100Hz입니다.,El número de veces que se muestrea el audio por segundo. Los valores más altos mejoran la calidad del sonido pero aumentan la carga de la CPU. La calidad de CD es de 44100 Hz.,عدد مرات أخذ عينات الصوت في الثانية. القيم الأعلى تحسن جودة الصوت ولكن تزيد من حمل وحدة المعالجة المركزية. جودة القرص المضغوط هي 44100 هرتز.,
MasterVolumeLabel,マスターボリュームラベル,マスターボリューム,Master Volume,主音量,主音量,마스터 볼륨,Volumen Maestro,مستوى الصوت الرئيسي,
MasterVolumeTooltip,マスターボリュームツールチップ,アプリケーション全体のマスターボリュームを調整します。0 (無音) から 1 (最大) の範囲で設定します。,Adjusts the master volume for the entire application. Set within the range of 0 (mute) to 1 (maximum).,调整整个应用程序的主音量。设置范围为0（静音）到1（最大）。,調整整個應用程式的主音量。設定範圍為0（靜音）到1（最大）。,애플리케이션 전체의 마스터 볼륨을 조정합니다. 0(음소거)에서 1(최대) 범위 내에서 설정합니다.,Ajusta el volumen maestro para toda la aplicación. Establezca dentro del rango de 0 (silencio) a 1 (máximo).,يضبط مستوى الصوت الرئيسي للتطبيق بأكمله. قم بالتعيين ضمن النطاق من 0 (كتم الصوت) إلى 1 (الحد الأقصى).,
NormalizationGroupHeader,正規化グループヘッダー,正規化,Normalization,归一化,標準化,정규화,Normalización,التطبيع,
EnableNormalizationCheckbox,正規化有効チェックボックス,正規化を有効にする,Enable Normalization,启用归一化,啟用標準化,정규화 활성화,Habilitar Normalización,تمكين التطبيع,
EnableNormalizationTooltip,正規化有効ツールチップ,音量を自動的に調整して、音割れを防ぎ、全体の音量を均一化します。,Automatically adjusts the volume to prevent clipping and equalize the overall volume.,自动调整音量以防止削波并均衡整体音量。,自動調整音量以防止削波並均衡整體音量。,볼륨을 자동으로 조정하여 클리핑을 방지하고 전체 볼륨을 균일하게 합니다.,Ajusta automáticamente el volumen para evitar el recorte y ecualizar el volumen general.,يضبط مستوى الصوت تلقائيًا لمنع التقطيع وتوحيد مستوى الصوت العام.,
NormalizationThresholdLabel,正規化閾値ラベル,閾値,Threshold,阈值,閾值,임계값,Umbral,العتبة,
NormalizationThresholdTooltip,正規化閾値ツールチップ,正規化が作動する音量のしきい値です。この値を超えた場合に正規化が適用されます。,The volume threshold at which normalization activates. Normalization is applied when this value is exceeded.,归一化激活的音量阈值。超过此值时应用归一化。,標準化啟動的音量閾值。超過此值時套用標準化。,정규화가 작동하는 볼륨 임계값입니다. 이 값을 초과하면 정규화가 적용됩니다.,El umbral de volumen al que se activa la normalización. La normalización se aplica cuando se supera este valor.,عتبة مستوى الصوت التي يتم عندها تنشيط التطبيع. يتم تطبيق التطبيع عند تجاوز هذه القيمة.,
NormalizationLevelLabel,正規化レベルラベル,レベル,Level,水平,水準,레벨,Nivel,المستوى,
NormalizationLevelTooltip,正規化レベルツールチップ,正規化後の目標音量レベルです。,The target volume level after normalization.,归一化后的目标音量水平。,標準化後的目標音量水準。,정규화 후 목표 볼륨 레벨입니다.,El nivel de volumen objetivo después de la normalización.,مستوى الصوت المستهدف بعد التطبيع.,
GlobalFadeOutGroupHeader,グローバルフェードアウトグループヘッダー,グローバル・フェードアウト,Global Fade-Out,全局淡出,全域淡出,글로벌 페이드 아웃,Fundido de Salida Global,التلاشي التدريجي العام للخارج,
EnableGlobalFadeOutCheckbox,グローバルフェードアウト有効チェックボックス,最終音声のフェードアウトを有効にする,Enable fade-out for final audio,启用最终音频的淡出,啟用最終音訊的淡出,최종 오디오 페이드 아웃 활성화,Habilitar fundido de salida para el audio final,تمكين التلاشي التدريجي للخارج للصوت النهائي,
EnableGlobalFadeOutTooltip,グローバルフェードアウト有効ツールチップ,再生終了時に音を滑らかにフェードアウトさせ、突然の音切れを防ぎます。,Smoothly fades out the sound at the end of playback to prevent abrupt cutoffs.,在播放结束时平滑地淡出声音，以防止突然中断。,在播放結束時平滑地淡出聲音，以防止突然中斷。,재생 종료 시 사운드를 부드럽게 페이드 아웃하여 갑작스러운 끊김을 방지합니다.,Desvanece suavemente el sonido al final de la reproducción para evitar cortes abruptos.,يتلاشى الصوت تدريجيًا بسلاسة في نهاية التشغيل لمنع الانقطاعات المفاجئة.,
FadeOutTimeLabel,フェードアウト時間ラベル,フェードアウト時間 (s),Fade-out Time (s),淡出时间 (秒),淡出時間 (秒),페이드 아웃 시간 (초),Tiempo de Fundido (s),وقت التلاشي (ث),
FadeOutTimeTooltip,フェードアウト時間ツールチップ,フェードアウトにかける時間（秒）です。,The duration of the fade-out in seconds.,淡出持续时间（秒）。,淡出持續時間（秒）。,페이드 아웃에 걸리는 시간(초)입니다.,La duración del fundido de salida en segundos.,مدة التلاشي التدريجي للخارج بالثواني.,
PresetSaveButton,プリセット保存ボタン,保存,Save,保存,儲存,저장,Guardar,حفظ,
PresetDeleteButton,プリセット削除ボタン,削除,Delete,删除,刪除,삭제,Eliminar,حذف,
PerformanceTabHeader,パフォーマンスタブヘッダー,パフォーマンス,Performance,性能,效能,성능,Rendimiento,الأداء,
RenderingSettingsGroupHeader,レンダリング設定グループヘッダー,レンダリング設定,Rendering Settings,渲染设置,渲染設定,렌더링 설정,Configuración de Renderizado,إعدادات العرض,
RenderingModeLabel,レンダリングモードラベル,レンダリングモード,Rendering Mode,渲染模式,渲染模式,렌더링 모드,Modo de Renderizado,وضع العرض,
RenderingModeTooltip,レンダリングモードツールチップ,音声のレンダリング方法を選択します。リアルタイムモードは低遅延ですが、品質が若干低下する可能性があります。GPUモードは対応したグラフィックボードが必要で、データ転送によるオーバーヘッドが発生することがあります。,Selects the audio rendering method. Realtime mode has lower latency but may slightly reduce quality. GPU mode requires a compatible graphics card and may incur data transfer overhead.,选择音频渲染方法。实时模式延迟较低，但质量可能略有下降。GPU模式需要兼容的显卡，并可能产生数据传输开销。,選擇音訊渲染方法。即時模式延遲較低，但品質可能略有下降。GPU模式需要相容的顯示卡，並可能產生資料傳輸開銷。,오디오 렌더링 방법을 선택합니다. 실시간 모드는 대기 시간이 짧지만 품질이 약간 저하될 수 있습니다. GPU 모드는 호환되는 그래픽 카드가 필요하며 데이터 전송 오버헤드가 발생할 수 있습니다.,Selecciona el método de renderizado de audio. El modo en tiempo real tiene menor latencia pero puede reducir ligeramente la calidad. El modo GPU requiere una tarjeta gráfica compatible y puede incurrir en sobrecarga de transferencia de datos.,يحدد طريقة عرض الصوت. وضع الوقت الفعلي له زمن انتقال أقل ولكنه قد يقلل الجودة قليلاً. يتطلب وضع GPU بطاقة رسومات متوافقة وقد يتسبب في زيادة حمل نقل البيانات.,
BasicSettingsGroupHeaderPerformance,基本設定グループヘッダー(パフォーマンス),基本設定,Basic Settings,基本设置,基本設定,기본 설정,Configuración Básica,الإعدادات الأساسية,
BufferSizeLabel,バッファサイズラベル,バッファサイズ,Buffer Size,缓冲区大小,緩衝區大小,버퍼 크기,Tamaño del Búfer,حجم المخزن المؤقت,
BufferSizeTooltip,バッファサイズツールチップ,一度に処理するオーディオサンプルの数です。値が小さいほど遅延は少なくなりますが、CPU負荷は高くなり、音飛びの原因になることがあります。,The number of audio samples processed at once. Smaller values reduce latency but increase CPU load and may cause dropouts.,一次处理的音频样本数。值越小延迟越低，但CPU负载越高，可能导致音频中断。,一次處理的音訊樣本數。值越小延遲越低，但CPU負載越高，可能導致音訊中斷。,한 번에 처리되는 오디오 샘플 수입니다. 값이 작을수록 대기 시간이 줄어들지만 CPU 부하가 증가하고 끊김 현상이 발생할 수 있습니다.,El número de muestras de audio procesadas a la vez. Los valores más pequeños reducen la latencia pero aumentan la carga de la CPU y pueden causar interrupciones.,عدد عينات الصوت التي تتم معالجتها مرة واحدة. تقلل القيم الأصغر من زمن الانتقال ولكنها تزيد من تحميل وحدة المعالج المركزية وقد تتسبب في انقطاع الصوت.,
MaxPolyphonyLabel,最大同時発音数ラベル,最大同時発音数,Max Polyphony,最大复音数,最大同時發聲數,최대 동시 발음 수,Polifonía Máxima,أقصى عدد للأصوات المتزامنة,
MaxPolyphonyTooltip,最大同時発音数ツールチップ,同時に再生できる最大ノート数です。この値を超えると、古いノートが発音されなくなることがあります。,The maximum number of notes that can be played simultaneously. Exceeding this value may cause older notes to stop sounding.,可同时播放的最大音符数。超过此值可能会导致较早的音符停止发声。,可同時播放的最大音符數。超過此值可能會導致較早的音符停止發聲。,동시에 재생할 수 있는 최대 노트 수입니다. 이 값을 초과하면 오래된 노트 소리가 멈출 수 있습니다.,El número máximo de notas que se pueden reproducir simultáneamente. Superar este valor puede hacer que las notas más antiguas dejen de sonar.,أقصى عدد للنوتات التي يمكن تشغيلها في نفس الوقت. قد يؤدي تجاوز هذه القيمة إلى توقف النوتات الأقدم عن الصوت.,
MaxThreadsLabel,最大スレッド数ラベル,最大スレッド数,Max Threads,最大线程数,最大執行緒數,최대 스레드 수,Máximo de Hilos,أقصى عدد للخيوط,
MaxThreadsTooltip,最大スレッド数ツールチップ,音声処理に使用するCPUの最大スレッド数です。通常はCPUのコア数に合わせると効果的です。,The maximum number of CPU threads used for audio processing. Typically, matching this to the number of CPU cores is effective.,用于音频处理的最大CPU线程数。通常，将其设置为CPU核心数效果最佳。,用於音訊處理的最大CPU執行緒數。通常，將其設定為CPU核心數效果最佳。,오디오 처리에 사용되는 최대 CPU 스레드 수입니다. 일반적으로 CPU 코어 수와 일치시키는 것이 효과적입니다.,El número máximo de hilos de CPU utilizados para el procesamiento de audio. Normalmente, es efectivo igualar esto al número de núcleos de la CPU.,أقصى عدد لخيوط وحدة المعالج المركزية المستخدمة لمعالجة الصوت. عادةً ما يكون مطابقته لعدد أنوية وحدة المعالج المركزية فعالاً.,
InitialSyncDurationLabel,初期読み込み時間ラベル,初期読み込み時間 (秒),Initial Load Time (s),初始加载时间 (秒),初始載入時間 (秒),초기 로딩 시간 (초),Tiempo de Carga Inicial (s),وقت التحميل الأولي (ث),
InitialSyncDurationTooltip,初期読み込み時間ツールチップ,ファイル読み込み時に、最初に同期的に読み込んでおく再生時間（秒）です。長いほど再生開始前の待ち時間が長くなりますが、再生中の読み込み処理が軽減されます。,The playback duration (in seconds) loaded synchronously when the file is opened. Longer times increase initial wait but reduce processing during playback.,文件加载时同步加载的播放时长（秒）。时间越长，初始等待时间越长，但会减少播放期间的处理。,檔案載入時同步載入的播放時長（秒）。時間越長，初始等待時間越長，但會減少播放期間的處理。,파일 로드 시 동기적으로 로드되는 재생 시간(초)입니다. 시간이 길수록 초기 대기 시간이 길어지지만 재생 중 처리 부하가 줄어듭니다.,La duración de la reproducción (en segundos) cargada sincrónicamente al abrir el archivo. Tiempos más largos aumentan la espera inicial pero reducen el procesamiento durante la reproducción.,مدة التشغيل (بالثواني) التي يتم تحميلها بشكل متزامن عند فتح الملف. تزيد الأوقات الأطول من الانتظار الأولي ولكنها تقلل المعالجة أثناء التشغيل.,
GpuAccelerationGroupHeader,GPUアクセラレーショングループヘッダー,GPUアクセラレーション (試験的),GPU Acceleration (Experimental),GPU加速 (实验性),GPU加速 (實驗性),GPU 가속 (실험적),Aceleración de GPU (Experimental),تسريع GPU (تجريبي),
GpuAccelerationTooltip,GPUアクセラレーションツールチップ,試験的な機能です。GPUを使用して音声処理の一部を高速化します。対応したグラフィックボードが必要です。,Experimental feature. Uses the GPU to accelerate parts of the audio processing. Requires a compatible graphics card.,实验性功能。使用GPU加速部分音频处理。需要兼容的显卡。,實驗性功能。使用GPU加速部分音訊處理。需要相容的顯示卡。,실험적인 기능입니다. GPU를 사용하여 오디오 처리 일부를 가속화합니다. 호환되는 그래픽 카드가 필요합니다.,Función experimental. Utiliza la GPU para acelerar partes del procesamiento de audio. Requiere una tarjeta gráfica compatible.,ميزة تجريبية. تستخدم وحدة معالجة الرسومات لتسريع أجزاء من معالجة الصوت. يتطلب بطاقة رسومات متوافقة.,
InitializeGpuOnStartupCheckbox,起動時GPU初期化チェックボックス,起動時にGPUデバイスを初期化する,Initialize GPU device on startup,启动时初始化GPU设备,啟動時初始化GPU裝置,시작 시 GPU 장치 초기화,Inicializar dispositivo GPU al inicio,تهيئة جهاز GPU عند بدء التشغيل,
InitializeGpuOnStartupTooltip,起動時GPU初期化ツールチップ,有効な場合、YMM4の起動時にGPUデバイスを初期化します。無効な場合、MIDIファイルの初回読み込み時に初期化処理が行われるため、初回の読み込みに時間がかかることがあります。,If enabled, initializes the GPU device when YMM4 starts. If disabled, initialization occurs on the first MIDI file load, which may take longer.,如果启用，则在YMM4启动时初始化GPU设备。如果禁用，则在首次加载MIDI文件时进行初始化，这可能需要更长时间。,如果啟用，則在YMM4啟動時初始化GPU裝置。如果禁用，則在首次載入MIDI檔案時進行初始化，這可能需要更長時間。,활성화된 경우 YMM4 시작 시 GPU 장치를 초기화합니다. 비활성화된 경우 첫 번째 MIDI 파일 로드 시 초기화가 수행되므로 로드 시간이 더 걸릴 수 있습니다.,Si está habilitado, inicializa el dispositivo GPU cuando se inicia YMM4. Si está deshabilitado, la inicialización ocurre en la primera carga del archivo MIDI, lo que puede llevar más tiempo.,إذا تم تمكينه ، يقوم بتهيئة جهاز GPU عند بدء تشغيل YMM4. إذا تم تعطيله ، يحدث التهيئة عند أول تحميل لملف MIDI ، مما قد يستغرق وقتًا أطول.,
GpuSynthesisCheckbox,GPUシンセシスチェックボックス,シンセシス,Synthesis,合成,合成,신디사이저,Síntesis,التركيب,
GpuSynthesisTooltip,GPUシンセシスツールチップ,GPUを使用して波形合成処理を行います。,Uses the GPU for waveform synthesis processing.,使用GPU进行波形合成处理。,使用GPU進行波形合成處理。,GPU를 사용하여 파형 합성 처리를 수행합니다.,Utiliza la GPU para el procesamiento de síntesis de formas de onda.,يستخدم وحدة معالجة الرسومات لمعالجة تركيب شكل الموجة.,
GpuEqualizerCheckbox,GPUイコライザーチェックボックス,イコライザー,Equalizer,均衡器,等化器,이퀄라이저,Ecualizador,المعادل,
GpuEqualizerTooltip,GPUイコライザーツールチップ,GPUを使用してイコライザー処理を行います。,Uses the GPU for equalizer processing.,使用GPU进行均衡器处理。,使用GPU進行等化器處理。,GPU를 사용하여 이퀄라이저 처리를 수행합니다.,Utiliza la GPU para el procesamiento del ecualizador.,يستخدم وحدة معالجة الرسومات لمعالجة المعادل.,
GpuEffectsChainCheckbox,GPUエフェクトチェーンチェックボックス,エフェクトチェーン,Effects Chain,效果链,效果鏈,이펙트 체인,Cadena de Efectos,سلسلة التأثيرات,
GpuEffectsChainTooltip,GPUエフェクトチェーンツールチップ,GPUを使用して複数のエフェクト（リバーブ、コンプなど）をまとめて処理します。,Uses the GPU to process multiple effects (reverb, compression, etc.) together.,使用GPU统一处理多个效果（混响、压缩等）。,使用GPU統一處理多個效果（混響、壓縮等）。,GPU를 사용하여 여러 이펙트(리버브, 컴프레션 등)를 함께 처리합니다.,Utiliza la GPU para procesar múltiples efectos (reverberación, compresión, etc.) juntos.,يستخدم وحدة معالجة الرسومات لمعالجة تأثيرات متعددة (صدى ، ضغط ، إلخ) معًا.,
GpuConvolutionReverbCheckbox,GPU畳み込みリバーブチェックボックス,畳み込みリバーブ,Convolution Reverb,卷积混响,摺積混響,컨볼루션 리버브,Reverberación de Convolución,صدى الالتفاف,
GpuConvolutionReverbTooltip,GPU畳み込みリバーブツールチップ,GPUを使用して高品質な畳み込みリバーブを処理します。,Uses the GPU to process high-quality convolution reverb.,使用GPU处理高质量卷积混响。,使用GPU處理高品質摺積混響。,GPU를 사용하여 고품질 컨볼루션 리버브를 처리합니다.,Utiliza la GPU para procesar reverberación de convolución de alta calidad.,يستخدم وحدة معالجة الرسومات لمعالجة صدى الالتفاف عالي الجودة.,
EnableParallelProcessingCheckbox,並列処理有効チェックボックス,並列処理を有効にする (CPU),Enable Parallel Processing (CPU),启用并行处理 (CPU),啟用並行處理 (CPU),병렬 처리 활성화 (CPU),Habilitar Procesamiento Paralelo (CPU),تمكين المعالجة المتوازية (CPU),
EnableParallelProcessingTooltip,並列処理有効ツールチップ,CPUのマルチコアを活用して、チャンネルごとの音声処理を並列実行し、レンダリングを高速化します。,Utilizes CPU multi-cores to execute audio processing per channel in parallel, speeding up rendering.,利用CPU多核并行执行每个通道的音频处理，以加快渲染速度。,利用CPU多核心並行執行每個通道的音訊處理，以加快渲染速度。,CPU 멀티 코어를 활용하여 채널별 오디오 처리를 병렬로 실행하여 렌더링 속도를 높입니다.,Utiliza los múltiples núcleos de la CPU para ejecutar el procesamiento de audio por canal en paralelo, acelerando el renderizado.,يستخدم أنوية وحدة المعالجة المركزية المتعددة لتنفيذ معالجة الصوت لكل قناة بالتوازي ، مما يسرع العرض.,
MidiTabHeader,MIDIタブヘッダー,MIDI,MIDI,MIDI,MIDI,MIDI,MIDI,MIDI,
PlaybackSettingsGroupHeader,再生設定グループヘッダー,再生設定,Playback Settings,播放设置,播放設定,재생 설정,Configuración de Reproducción,إعدادات التشغيل,
DefaultTempoLabel,デフォルトテンポラベル,デフォルトテンポ,Default Tempo,默认速度,預設速度,기본 템포,Tempo Predeterminado,السرعة الافتراضية,
DefaultTempoTooltip,デフォルトテンポツールチップ,"MIDIファイルにテンポ情報が含まれていない場合に使用されるデフォルトのテンポです。マイクロ秒/四分音符で指定します (例: 120BPM = 500000)。","The default tempo used if the MIDI file does not contain tempo information. Specified in microseconds per quarter note (e.g., 120BPM = 500000).","MIDI 文件不包含速度信息时使用的默认速度。以微秒/四分音符指定（例如：120BPM = 500000）。","MIDI 檔案不包含速度資訊時使用的預設速度。以微秒/四分音符指定（例如：120BPM = 500000）。","MIDI 파일에 템포 정보가 없는 경우 사용되는 기본 템포입니다. 마이크로초/4분음표 단위로 지정합니다(예: 120BPM = 500000).","El tempo predeterminado utilizado si el archivo MIDI no contiene información de tempo. Especificado en microsegundos por negra (p. ej., 120 BPM = 500000).","الإيقاع الافتراضي المستخدم إذا لم يحتوي ملف MIDI على معلومات الإيقاع. محدد بالميكروثانية لكل نغمة ربعية (على سبيل المثال ، 120 نبضة في الدقيقة = 500000).",
PitchBendRangeLabel,ピッチベンド範囲ラベル,ピッチベンド範囲,Pitch Bend Range,弯音范围,滑音範圍,피치 벤드 범위,Rango de Inflexión de Tono,مدى انحناء درجة الصوت,
PitchBendRangeTooltip,ピッチベンド範囲ツールチップ,"ピッチベンドの変化範囲を半音単位で設定します。例えば、2を設定すると、ピッチベンドで±2半音の範囲で音程が変化します。","Sets the range of pitch bend in semitones. For example, setting it to 2 allows pitch bending within a range of ±2 semitones.","设置弯音范围（以半音为单位）。例如，设置为2允许在±2半音范围内弯音。","設定滑音範圍（以半音為單位）。例如，設定為2允許在±2半音範圍內滑音。","피치 벤드 범위를 반음 단위로 설정합니다. 예를 들어 2로 설정하면 ±2 반음 범위 내에서 피치가 변합니다.","Establece el rango de inflexión de tono en semitonos. Por ejemplo, establecerlo en 2 permite la inflexión de tono dentro de un rango de ±2 semitonos.","يضبط نطاق انحناء درجة الصوت بأنصاف النغمات. على سبيل المثال ، يؤدي تعيينه إلى 2 إلى السماح بانحناء درجة الصوت ضمن نطاق ± 2 نصف نغمة.",
MinVelocityLabel,最小ベロシティラベル,最小ベロシティ,Min Velocity,最小力度,最小力度,최소 벨로시티,Velocidad Mínima,أدنى سرعة,
MinVelocityTooltip,最小ベロシティツールチップ,"処理するノートの最小ベロシティです。これより小さいベロシティのノートは無視されます。音量の小さい不要なノートを除去するのに役立ちます。","The minimum velocity for notes to be processed. Notes with lower velocity will be ignored. Useful for removing unwanted low-volume notes.","处理音符的最小力度。力度低于此值的音符将被忽略。有助于移除不需要的低音量音符。","處理音符的最小力度。力度低於此值的音符將被忽略。有助於移除不需要的低音量音符。","처리할 노트의 최소 벨로시티입니다. 이보다 낮은 벨로시티의 노트는 무시됩니다. 원치 않는 작은 볼륨의 노트를 제거하는 데 유용합니다.","La velocidad mínima para procesar las notas. Las notas con menor velocidad serán ignoradas. Útil para eliminar notas no deseadas de bajo volumen.","أدنى سرعة للنوتات المراد معالجتها. سيتم تجاهل النوتات ذات السرعة الأقل. مفيد لإزالة النوتات غير المرغوب فيها ذات مستوى الصوت المنخفض.",
ProcessingSettingsGroupHeader,処理設定グループヘッダー,処理設定,Processing Settings,处理设置,處理設定,처리 설정,Configuración de Procesamiento,إعدادات المعالجة,
ProcessControlChangesCheckbox,コントロールチェンジ処理チェックボックス,コントロールチェンジを処理する,Process Control Changes,处理控制变更,處理控制變更,컨트롤 체인지 처리,Procesar Cambios de Control,معالجة تغييرات التحكم,
ProcessControlChangesTooltip,コントロールチェンジ処理ツールチップ,ボリュームやパンなどのコントロールチェンジメッセージを処理します。,Processes Control Change messages such as volume and pan.,处理控制变更消息，例如音量和声相。,處理控制變更訊息，例如音量和聲相。,볼륨 및 팬과 같은 컨트롤 체인지 메시지를 처리합니다.,Procesa mensajes de Cambio de Control como volumen y panorama.,معالجة رسائل تغيير التحكم مثل مستوى الصوت والتحريك.,
ProcessPitchBendCheckbox,ピッチベンド処理チェックボックス,ピッチベンドを処理する,Process Pitch Bend,处理弯音,處理滑音,피치 벤드 처리,Procesar Inflexión de Tono,معالجة انحناء درجة الصوت,
ProcessPitchBendTooltip,ピッチベンド処理ツールチップ,ピッチベンドメッセージを処理し、音程を滑らかに変化させます。,Processes Pitch Bend messages to smoothly change the pitch.,处理弯音消息以平滑地改变音高。,處理滑音訊息以平滑地改變音高。,피치 벤드 메시지를 처리하여 피치를 부드럽게 변경합니다.,Procesa mensajes de Inflexión de Tono para cambiar suavemente el tono.,معالجة رسائل انحناء درجة الصوت لتغيير درجة الصوت بسلاسة.,
ProcessProgramChangesCheckbox,プログラムチェンジ処理チェックボックス,プログラムチェンジを処理する,Process Program Changes,处理程序变更,處理音色變更,프로그램 체인지 처리,Procesar Cambios de Programa,معالجة تغييرات البرنامج,
ProcessProgramChangesTooltip,プログラムチェンジ処理ツールチップ,音色を切り替えるプログラムチェンジメッセージを処理します。,Processes Program Change messages to switch instrument sounds.,处理程序变更消息以切换乐器声音。,處理音色變更訊息以切換樂器聲音。,악기 소리를 전환하는 프로그램 체인지 메시지를 처리합니다.,Procesa mensajes de Cambio de Programa para cambiar los sonidos de los instrumentos.,معالجة رسائل تغيير البرنامج لتبديل أصوات الآلات.,
ExclusionSettingsGroupHeader,除外設定グループヘッダー,除外設定,Exclusion Settings,排除设置,排除設定,제외 설정,Configuración de Exclusión,إعدادات الاستبعاد,
ExcludedChannelsLabel,除外チャンネルラベル,除外チャンネル (カンマ区切り),Excluded Channels (comma separated),排除通道 (逗号分隔),排除頻道 (逗號分隔),제외 채널 (쉼표 구분),Canales Excluidos (separados por coma),القنوات المستبعدة (مفصولة بفواصل),
ExcludedChannelsTooltip,除外チャンネルツールチップ,ここで指定したMIDIチャンネルは再生時に無視されます（カンマ区切り）。,MIDI channels specified here will be ignored during playback (comma separated).,此处指定的MIDI通道将在播放时被忽略（逗号分隔）。,此處指定的MIDI頻道將在播放時被忽略（逗號分隔）。,여기에 지정된 MIDI 채널은 재생 중에 무시됩니다(쉼표 구분).,Los canales MIDI especificados aquí serán ignorados durante la reproducción (separados por coma).,سيتم تجاهل قنوات MIDI المحددة هنا أثناء التشغيل (مفصولة بفواصل).,
ExcludedTracksLabel,除外トラックラベル,除外トラック (カンマ区切り),Excluded Tracks (comma separated),排除轨道 (逗号分隔),排除音軌 (逗號分隔),제외 트랙 (쉼표 구분),Pistas Excluidas (separadas por coma),المسارات المستبعدة (مفصولة بفواصل),
ExcludedTracksTooltip,除外トラックツールチップ,ここで指定したトラックは再生時に無視されます（カンマ区切り）。,Tracks specified here will be ignored during playback (comma separated).,此处指定的轨道将在播放时被忽略（逗号分隔）。,此處指定的音軌將在播放時被忽略（逗號分隔）。,여기에 지정된 트랙은 재생 중에 무시됩니다(쉼표 구분).,Las pistas especificadas aquí serán ignoradas durante la reproducción (separadas por coma).,سيتم تجاهل المسارات المحددة هنا أثناء التشغيل (مفصولة بفواصل).,
SfzTabHeader,SFZタブヘッダー,SFZ,SFZ,SFZ,SFZ,SFZ,SFZ,SFZ,
EnableSfzCheckbox,SFZ有効チェックボックス,SFZを有効にする (SoundFontより優先),Enable SFZ (Prioritized over SoundFont),启用SFZ (优先于SoundFont),啟用SFZ (優先於SoundFont),SFZ 활성화 (SoundFont보다 우선 적용),Habilitar SFZ (Priorizado sobre SoundFont),تمكين SFZ (الأولوية على SoundFont),
EnableSfzTooltip,SFZ有効ツールチップ,"SFZ形式のサンプラー音源を使用してMIDIを再生します。有効な場合、SoundFontより優先されます。",Plays MIDI using SFZ format sampler instruments. If enabled, takes precedence over SoundFont.,使用SFZ格式的采样器音源播放MIDI。如果启用，则优先于SoundFont。,使用SFZ格式的取樣器音源播放MIDI。如果啟用，則優先於SoundFont。,SFZ 형식 샘플러 악기를 사용하여 MIDI를 재생합니다. 활성화된 경우 SoundFont보다 우선 적용됩니다.,Reproduce MIDI utilizando instrumentos de sampler en formato SFZ. Si está habilitado, tiene prioridad sobre SoundFont.,تشغيل MIDI باستخدام أدوات أخذ العينات بتنسيق SFZ. إذا تم تمكينه ، فإنه يأخذ الأسبقية على SoundFont.,
SfzSettingsGroupHeader,SFZ設定グループヘッダー,"設定 (ダブルクリックで編集)",Settings (Double-click to edit),设置 (双击编辑),設定 (按兩下編輯),설정 (더블 클릭하여 편집),Configuración (Doble clic para editar),الإعدادات (انقر نقرًا مزدوجًا للتحرير),
SfzSearchPathLabel,SFZ検索パスラベル,SFZ 検索フォルダ:,SFZ Search Folder:,SFZ 搜索文件夹：,SFZ 搜尋資料夾：,SFZ 검색 폴더:,Carpeta de Búsqueda SFZ:,مجلد البحث عن SFZ:,
SfzSearchPathTooltip,SFZ検索パスツールチップ,SFZファイルを検索するフォルダのパスを指定します。,Specify the path to the folder to search for SFZ files.,指定搜索SFZ文件的文件夹路径。,指定搜尋SFZ檔案的資料夾路徑。,SFZ 파일을 검색할 폴더 경로를 지정합니다.,Especifique la ruta a la carpeta para buscar archivos SFZ.,حدد مسار المجلد للبحث عن ملفات SFZ.,
SfzListStatusHeader,SFZリストステータスヘッダー,状態,Status,状态,狀態,상태,Estado,الحالة,
SfzListFilePathHeader,SFZリストファイルパスヘッダー,SFZ ファイルパス,SFZ File Path,SFZ 文件路径,SFZ 檔案路徑,SFZ 파일 경로,Ruta del Archivo SFZ,مسار ملف SFZ,
SfzListProgramNumberHeader,SFZリストプログラム番号ヘッダー,プログラム番号,Program Number,程序号,程式編號,프로그램 번호,Número de Programa,رقم البرنامج,
SoundFontTabHeader,SoundFontタブヘッダー,SoundFont,SoundFont,SoundFont,SoundFont,SoundFont,SoundFont,SoundFont,
EnableSoundFontCheckbox,SoundFont有効チェックボックス,SoundFontを有効にする,Enable SoundFont,启用SoundFont,啟用SoundFont,SoundFont 활성화,Habilitar SoundFont,تمكين SoundFont,
EnableSoundFontTooltip,SoundFont有効ツールチップ,SoundFont（.sf2）ファイルを使用してMIDIを再生します。,Plays MIDI using SoundFont (.sf2) files.,使用SoundFont (.sf2) 文件播放MIDI。,使用SoundFont (.sf2) 檔案播放MIDI。,SoundFont (.sf2) 파일을 사용하여 MIDI를 재생합니다.,Reproduce MIDI utilizando archivos SoundFont (.sf2).,تشغيل MIDI باستخدام ملفات SoundFont (.sf2).,
SoundFontBasicSettingsGroupHeader,SoundFont基本設定グループヘッダー,基本設定,Basic Settings,基本设置,基本設定,기본 설정,Configuración Básica,الإعدادات الأساسية,
UseDefaultSoundFontCheckbox,デフォルトSoundFont使用チェックボックス,デフォルトのSoundFontを使用する,Use default SoundFont,使用默认SoundFont,使用預設SoundFont,기본 SoundFont 사용,Usar SoundFont predeterminado,استخدام SoundFont الافتراضي,
UseDefaultSoundFontTooltip,デフォルトSoundFont使用ツールチップ,プラグインに同梱されているデフォルトのSoundFont (GeneralUser-GS.sf2) を使用します。,Uses the default SoundFont (GeneralUser-GS.sf2) included with the plugin.,使用插件附带的默认SoundFont (GeneralUser-GS.sf2)。,使用外掛程式附帶的預設SoundFont (GeneralUser-GS.sf2)。,플러그인에 포함된 기본 SoundFont(GeneralUser-GS.sf2)를 사용합니다.,Utiliza el SoundFont predeterminado (GeneralUser-GS.sf2) incluido con el complemento.,يستخدم SoundFont الافتراضي (GeneralUser-GS.sf2) المضمن مع المكون الإضافي.,
FallbackToSynthesisCheckbox,シンセシスへフォールバックチェックボックス,SoundFontがない場合シンセシスにフォールバックする,Fallback to synthesis if SoundFont is not found,如果找不到SoundFont，则回退到合成,如果找不到SoundFont，則回退到合成,SoundFont가 없는 경우 신디사이저로 대체,Retroceder a la síntesis si no se encuentra SoundFont,الرجوع إلى التوليف إذا لم يتم العثور على SoundFont,
FallbackToSynthesisTooltip,シンセシスへフォールバックツールチップ,適切なSoundFontが見つからない場合に、内蔵シンセサイザーでの再生に切り替えます。,Switches to playback with the built-in synthesizer if a suitable SoundFont is not found.,如果找不到合适的SoundFont，则切换到使用内置合成器播放。,如果找不到合適的SoundFont，則切換到使用內建合成器播放。,적절한 SoundFont를 찾을 수 없는 경우 내장 신디사이저로 재생하도록 전환합니다.,Cambia a la reproducción con el sintetizador incorporado si no se encuentra un SoundFont adecuado.,التبديل إلى التشغيل باستخدام المركب المدمج إذا لم يتم العثور على SoundFont مناسب.,
SoundFontDirectoryLabel,SoundFontディレクトリラベル,SoundFontディレクトリ,SoundFont Directory,SoundFont 目录,SoundFont 目錄,SoundFont 디렉토리,Directorio de SoundFont,دليل SoundFont,
SoundFontDirectoryTooltip,SoundFontディレクトリツールチップ,ユーザーが追加したSoundFontファイルを格納するディレクトリのパスです。,The path to the directory containing user-added SoundFont files.,包含用户添加的SoundFont文件的目录路径。,包含使用者新增的SoundFont檔案的目錄路徑。,사용자가 추가한 SoundFont 파일을 포함하는 디렉토리 경로입니다.,La ruta al directorio que contiene los archivos SoundFont agregados por el usuario.,المسار إلى الدليل الذي يحتوي على ملفات SoundFont التي أضافها المستخدم.,
PreferredSoundFontLabel,優先SoundFontファイル名ラベル,優先SoundFontファイル名,Preferred SoundFont Filename,首选SoundFont文件名,偏好的SoundFont檔案名,선호하는 SoundFont 파일 이름,Nombre de Archivo SoundFont Preferido,اسم ملف SoundFont المفضل,
PreferredSoundFontTooltip,優先SoundFontファイル名ツールチップ,ルールに一致しない場合でも優先的に使用するSoundFontファイル名を指定します。,Specify the SoundFont filename to prioritize even if it doesn't match the rules.,指定即使不符合规则也要优先使用的SoundFont文件名。,指定即使不符合規則也要優先使用的SoundFont檔案名。,규칙과 일치하지 않더라도 우선적으로 사용할 SoundFont 파일 이름을 지정합니다.,Especifique el nombre de archivo SoundFont para priorizar incluso si no coincide con las reglas.,حدد اسم ملف SoundFont لإعطائه الأولوية حتى لو لم يتطابق مع القواعد.,
SoundFontLayersGroupHeader,SoundFontレイヤーグループヘッダー,"SoundFontレイヤー (重ねて使用、上から順に優先)","SoundFont Layers (Used stacked, prioritized from top)",SoundFont 层 (堆叠使用，从上到下优先),SoundFont 圖層 (堆疊使用，由上至下優先),SoundFont 레이어 (겹쳐 사용, 위에서부터 우선 적용),Capas de SoundFont (Usadas apiladas, priorizadas desde arriba),طبقات SoundFont (تستخدم مكدسة ، مع إعطاء الأولوية من الأعلى),
LayerUpButtonTooltip,レイヤー上へ移動ボタンツールチップ,レイヤーを上に移動します。,Moves the layer up.,将层向上移动。,將圖層向上移動。,레이어를 위로 이동합니다.,Mueve la capa hacia arriba.,تحريك الطبقة لأعلى.,
LayerDownButtonTooltip,レイヤー下へ移動ボタンツールチップ,レイヤーを下に移動します。,Moves the layer down.,将层向下移动。,將圖層向下移動。,레이어를 아래로 이동합니다.,Mueve la capa hacia abajo.,تحريك الطبقة لأسفل.,
RemoveLayerButtonTooltip,レイヤー削除ボタンツールチップ,選択したレイヤーを削除します。,Removes the selected layer.,移除选定的层。,移除選定的圖層。,선택한 레이어를 제거합니다.,Elimina la capa seleccionada.,إزالة الطبقة المحددة.,
AddLayerButton,レイヤー追加ボタン,レイヤーに追加,Add to Layer,添加到层,新增至圖層,레이어에 추가,Añadir a Capa,إضافة إلى طبقة,
SoundFontListGroupHeader,SoundFontリストグループヘッダー,"利用可能なSoundFontとルール (ダブルクリックで編集)","Available SoundFonts and Rules (Double-click to edit)",可用SoundFont和规则 (双击编辑),可用的SoundFont和規則 (按兩下編輯),사용 가능한 SoundFont 및 규칙 (더블 클릭하여 편집),"SoundFonts y Reglas Disponibles (Doble clic para editar)",ملفات SoundFont والقواعد المتاحة (انقر نقرًا مزدوجًا للتحرير),
SoundFontListStatusHeader,SoundFontリストステータスヘッダー,状態,Status,状态,狀態,상태,Estado,الحالة,
SoundFontListFileNameHeader,SoundFontリストファイル名ヘッダー,SoundFontファイル,SoundFont File,SoundFont 文件,SoundFont 檔案,SoundFont 파일,Archivo SoundFont,ملف SoundFont,
SoundFontListMinDurationHeader,SoundFontリスト最小時間ヘッダー,最小時間(s),Min Duration(s),最短时间(秒),最短時間(秒),최소 시간(초),Duración Mín.(s),الحد الأدنى للمدة (ث),
SoundFontListMaxDurationHeader,SoundFontリスト最大時間ヘッダー,最大時間(s),Max Duration(s),最长时间(秒),最長時間(秒),최대 시간(초),Duración Máx.(s),الحد الأقصى للمدة (ث),
SoundFontListMinTracksHeader,SoundFontリスト最小トラックヘッダー,最小トラック,Min Tracks,最小轨道,最小音軌,최소 트랙,Pistas Mín.,الحد الأدنى للمسارات,
SoundFontListMaxTracksHeader,SoundFontリスト最大トラックヘッダー,最大トラック,Max Tracks,最大轨道,最大音軌,최대 트랙,Pistas Máx.,الحد الأقصى للمسارات,
SoundFontListRequiredProgramsHeader,SoundFontリスト必須プログラムヘッダー,必須プログラム,Required Programs,必需程序,必需程式,필수 프로그램,Programas Requeridos,البرامج المطلوبة,
SynthesisTabHeader,シンセシスタブヘッダー,シンセシス,Synthesis,合成,合成,신디사이저,Síntesis,التركيب,
SynthesisBasicSettingsGroupHeader,シンセシス基本設定グループヘッダー,基本設定,Basic Settings,基本设置,基本設定,기본 설정,Configuración Básica,الإعدادات الأساسية,
DefaultWaveformLabel,デフォルト波形ラベル,デフォルト波形,Default Waveform,默认波形,預設波形,기본 파형,Forma de Onda Predeterminada,الشكل الموجي الافتراضي,
DefaultWaveformTooltip,デフォルト波形ツールチップ,音色の基本となる波形の種類を選択します。,Select the basic waveform type for the timbre.,选择音色的基本波形类型。,選擇音色的基本波形類型。,음색의 기본 파형 유형을 선택합니다.,Seleccione el tipo de forma de onda básica para el timbre.,حدد نوع الشكل الموجي الأساسي للجرس.,
WavetableDirectoryLabel,Wavetableフォルダラベル,Wavetableフォルダ,Wavetable Folder,Wavetable 文件夹,Wavetable 資料夾,Wavetable 폴더,Carpeta Wavetable,مجلد Wavetable,
WavetableDirectoryTooltip,Wavetableフォルダツールチップ,ユーザー定義のWAVファイルを配置するフォルダ,Folder to place user-defined WAV files.,放置用户定义的WAV文件的文件夹。,放置使用者定義的WAV檔案的資料夾。,사용자 정의 WAV 파일을 배치할 폴더입니다.,Carpeta para colocar archivos WAV definidos por el usuario.,المجلد لوضع ملفات WAV المعرفة من قبل المستخدم.,
A4FrequencyLabel,A4周波数ラベル,A4周波数 (Hz),A4 Frequency (Hz),A4 频率 (Hz),A4 頻率 (Hz),A4 주파수 (Hz),Frecuencia A4 (Hz),تردد A4 (هرتز),
A4FrequencyTooltip,A4周波数ツールチップ,基準音となるA4（ラ）の周波数を設定します。現代の標準は440Hzですが、古楽などでは異なる値が使われます。,Sets the frequency of the reference note A4 (La). The modern standard is 440Hz, but different values are used in early music, etc.,设置参考音A4（La）的频率。现代标准为440Hz，但在古乐等领域会使用不同的值。,設定參考音A4（La）的頻率。現代標準為440Hz，但在古樂等領域會使用不同的值。,기준음 A4(라)의 주파수를 설정합니다. 현대 표준은 440Hz이지만 고음악 등에서는 다른 값이 사용됩니다.,Establece la frecuencia de la nota de referencia A4 (La). El estándar moderno es 440 Hz, pero se utilizan valores diferentes en música antigua, etc.,يضبط تردد النغمة المرجعية A4 (La). المعيار الحديث هو 440 هرتز ، ولكن يتم استخدام قيم مختلفة في الموسيقى المبكرة ، وما إلى ذلك.,
MinFrequencyLabel,最小周波数ラベル,最小周波数 (Hz),Min Frequency (Hz),最小频率 (Hz),最小頻率 (Hz),최소 주파수 (Hz),Frecuencia Mínima (Hz),أدنى تردد (هرتز),
MinFrequencyTooltip,最小周波数ツールチップ,生成する音声の周波数の下限です。これを超える周波数はクリップされます。,The lower limit of the frequency of the generated audio. Frequencies below this will be clipped.,生成音频频率的下限。低于此频率将被削波。,生成音訊頻率的下限。低於此頻率將被削波。,생성되는 오디오 주파수의 하한입니다. 이보다 낮은 주파수는 클리핑됩니다.,El límite inferior de la frecuencia del audio generado. Las frecuencias por debajo de este límite serán recortadas.,الحد الأدنى لتردد الصوت الذي تم إنشاؤه. سيتم قص الترددات التي تقل عن هذا.,
MaxFrequencyLabel,最大周波数ラベル,最大周波数 (Hz),Max Frequency (Hz),最大频率 (Hz),最大頻率 (Hz),최대 주파수 (Hz),Frecuencia Máxima (Hz),أقصى تردد (هرتز),
MaxFrequencyTooltip,最大周波数ツールチップ,生成する音声の周波数の上限です。これを超える周波数はクリップされます。,The upper limit of the frequency of the generated audio. Frequencies above this will be clipped.,生成音频频率的上限。高于此频率将被削波。,生成音訊頻率的上限。高於此頻率將被削波。,생성되는 오디오 주파수의 상한입니다. 이보다 높은 주파수는 클리핑됩니다.,El límite superior de la frecuencia del audio generado. Las frecuencias por encima de este límite serán recortadas.,الحد الأعلى لتردد الصوت الذي تم إنشاؤه. سيتم قص الترددات التي تزيد عن هذا.,
EnvelopeScaleLabel,エンベロープスケールラベル,エンベロープスケール,Envelope Scale,包络比例,波封比例,엔벨로프 스케일,Escala de Envolvente,مقياس المغلف,
EnvelopeScaleTooltip,エンベロープスケールツールチップ,ADSRエンベロープ（音の立ち上がりや減衰）の時間的なスケールを調整します。1より大きいと長くなり、小さいと短くなります。,Adjusts the time scale of the ADSR envelope (attack, decay, sustain, release). Values greater than 1 make it longer, smaller values make it shorter.,调整ADSR包络（起音、衰减、持续、释放）的时间刻度。大于1的值使其更长，小于1的值使其更短。,調整ADSR波封（起音、衰減、持續、釋放）的時間刻度。大於1的值使其更長，小於1的值使其更短。,ADSR 엔벨로프(어택, 디케이, 서스테인, 릴리스)의 시간 스케일을 조정합니다. 1보다 크면 길어지고, 작으면 짧아집니다.,Ajusta la escala de tiempo de la envolvente ADSR (ataque, decaimiento, sostenido, liberación). Los valores mayores que 1 la hacen más larga, los valores menores la hacen más corta.,يضبط مقياس الوقت لمغلف ADSR (الهجوم ، الاضمحلال ، الاستدامة ، التحرير). القيم الأكبر من 1 تجعله أطول ، والقيم الأصغر تجعله أقصر.,
DefaultEnvelopeGroupHeader,デフォルトエンベロープグループヘッダー,デフォルトエンベロープ,Default Envelope,默认包络,預設波封,기본 엔벨로프,Envolvente Predeterminada,المغلف الافتراضي,
DefaultEnvelopeTooltip,デフォルトエンベロープツールチップ,音の時間的な変化（ADSR）のデフォルト値を設定します。,Sets the default values for the temporal change of sound (ADSR).,设置声音时间变化（ADSR）的默认值。,設定聲音時間變化（ADSR）的預設值。,소리의 시간적 변화(ADSR)의 기본값을 설정합니다.,Establece los valores predeterminados para el cambio temporal del sonido (ADSR).,يضبط القيم الافتراضية للتغير الزمني للصوت (ADSR).,
AttackLabel,アタックラベル,アタック,Attack,起音,起音,어택,Ataque,الهجوم,
AttackTooltip,アタックツールチップ,音が鳴り始めてから最大音量に達するまでの時間（秒）。,Time (in seconds) from the start of the sound until it reaches maximum volume.,声音从开始到达到最大音量所需的时间（秒）。,聲音從開始到達到最大音量所需的時間（秒）。,소리가 시작된 후 최대 볼륨에 도달할 때까지의 시간(초).,Tiempo (en segundos) desde el inicio del sonido hasta que alcanza el volumen máximo.,الوقت (بالثواني) من بداية الصوت حتى يصل إلى أقصى مستوى صوت.,
DecayLabel,ディケイラベル,ディケイ,Decay,衰减,衰減,디케이,Decaimiento,الاضمحلال,
DecayTooltip,ディケイツールチップ,最大音量からサステインレベルまで減衰する時間（秒）。,Time (in seconds) to decay from maximum volume to the sustain level.,从最大音量衰减到持续音量水平所需的时间（秒）。,從最大音量衰減到持續音量水準所需的時間（秒）。,최대 볼륨에서 서스테인 레벨까지 감쇠하는 시간(초).,Tiempo (en segundos) para decaer desde el volumen máximo hasta el nivel de sostenido.,الوقت (بالثواني) للاضمحلال من أقصى مستوى صوت إلى مستوى الاستدامة.,
SustainLabel,サステインラベル,サステイン,Sustain,持续音量,持續音量,서스테인,Sostenido,الاستدامة,
SustainTooltip,サステインツールチップ,ノートが押されている間の音量レベル (0-1)。,The volume level while the note is held (0-1).,音符被按住期间的音量水平 (0-1)。,音符被按住期間的音量水準 (0-1)。,노트가 눌려 있는 동안의 볼륨 레벨 (0-1).,El nivel de volumen mientras se mantiene la nota (0-1).,مستوى الصوت أثناء الضغط على النوتة (0-1).,
ReleaseLabel,リリースラベル,リリース,Release,释放,釋放,릴리스,Liberación,التحرير,
ReleaseTooltip,リリースツールチップ,ノートが離されてから音が消えるまでの時間（秒）。,Time (in seconds) for the sound to fade out after the note is released.,音符释放后声音消失所需的时间（秒）。,音符釋放後聲音消失所需的時間（秒）。,노트에서 손을 뗀 후 소리가 사라질 때까지의 시간(초).,Tiempo (en segundos) para que el sonido se desvanezca después de soltar la nota.,الوقت (بالثواني) حتى يتلاشى الصوت بعد تحرير النوتة.,
FmSourceGroupHeader,FM音源グループヘッダー,FM音源,FM Source,FM 音源,FM 音源,FM 음원,Fuente FM,مصدر FM,
FmSourceTooltip,FM音源ツールチップ,FM音源方式のシンセサイズに関する設定です。,Settings related to FM synthesis method.,与FM合成方法相关的设置。,與FM合成方法相關的設定。,FM 음원 방식 합성에 관한 설정입니다.,Configuraciones relacionadas con el método de síntesis FM.,الإعدادات المتعلقة بطريقة توليف FM.,
ModulatorFrequencyLabel,変調周波数ラベル,変調周波数 (Hz),Modulator Frequency (Hz),调制频率 (Hz),調變頻率 (Hz),변조 주파수 (Hz),Frecuencia del Modulador (Hz),تردد المُعدِّل (هرتز),
ModulatorFrequencyTooltip,変調周波数ツールチップ,FM合成における変調波の周波数です。音色を複雑にします。,The frequency of the modulating wave in FM synthesis. Makes the timbre more complex.,FM 合成中调制波的频率。使音色更复杂。,FM 合成中調變波的頻率。使音色更複雜。,FM 합성에서 변조 파형의 주파수입니다. 음색을 복잡하게 만듭니다.,La frecuencia de la onda moduladora en la síntesis FM. Hace que el timbre sea más complejo.,تردد الموجة المُعدِّلة في توليف FM. يجعل الجرس أكثر تعقيدًا.,
ModulationIndexLabel,変調指数ラベル,変調指数,Modulation Index,调制指数,調變指數,변조 지수,Índice de Modulación,معامل التعديل,
ModulationIndexTooltip,変調指数ツールチップ,FM合成における変調の深さです。値が大きいほど、より複雑で金属的な音色になります。,The depth of modulation in FM synthesis. Larger values result in more complex and metallic timbres.,FM 合成中调制的深度。值越大，音色越复杂和金属化。,FM 合成中調變的深度。值越大，音色越複雜和金屬化。,FM 합성에서 변조의 깊이입니다. 값이 클수록 더 복잡하고 금속성 있는 음색이 됩니다.,La profundidad de la modulación en la síntesis FM. Valores mayores dan como resultado timbres más complejos y metálicos.,عمق التعديل في توليف FM. تؤدي القيم الأكبر إلى أجراس أكثر تعقيدًا ومعدنية.,
QualityNoiseReductionGroupHeader,品質・ノイズ対策グループヘッダー,品質・ノイズ対策,Quality/Noise Reduction,质量/降噪,品質/降噪,품질/노이즈 대책,Calidad/Reducción de Ruido,الجودة / تقليل الضوضاء,
EnableBandlimitedSynthesisCheckbox,バンドリミテッド合成有効チェックボックス,"バンドリミテッド合成を有効にする (エイリアシングを削減)","Enable Bandlimited Synthesis (Reduce Aliasing)","启用带限合成 (减少混叠)","啟用帶限合成 (減少混疊)","밴드리미티드 합성 활성화 (에일리어싱 감소)","Habilitar Síntesis de Banda Limitada (Reducir Aliasing)","تمكين التوليف محدود النطاق (تقليل التعرج)",
EnableBandlimitedSynthesisTooltip,バンドリミテッド合成有効ツールチップ,"波形生成時にエイリアシング（折り返しノイズ）を低減する技術を有効にします。音質が向上しますが、CPU負荷がわずかに増加します。","Enables techniques to reduce aliasing (folding noise) during waveform generation. Improves sound quality but slightly increases CPU load.","启用在波形生成时减少混叠（折返噪声）的技术。提高音质，但会略微增加CPU负载。","啟用在波形生成時減少混疊（折返噪音）的技術。提高音質，但會略微增加CPU負載。","파형 생성 시 에일리어싱(폴딩 노이즈)을 줄이는 기술을 활성화합니다. 음질이 향상되지만 CPU 부하가 약간 증가합니다.","Habilita técnicas para reducir el aliasing (ruido de plegado) durante la generación de formas de onda. Mejora la calidad del sonido pero aumenta ligeramente la carga de la CPU.","تمكين التقنيات لتقليل التعرج (ضوضاء الطي) أثناء توليد شكل الموجة. يحسن جودة الصوت ولكنه يزيد قليلاً من تحميل وحدة المعالج المركزية.",
EnableAntiPopCheckbox,アンチポップ有効チェックボックス,"アンチポップを有効にする (クリックノイズを削減)","Enable Anti-Pop (Reduce Click Noise)","启用抗爆音 (减少咔嗒声)","啟用抗爆音 (減少喀嗒聲)","안티팝 활성화 (클릭 노이즈 감소)","Habilitar Anti-Pop (Reducir Ruido de Clic)","تمكين منع الفرقعة (تقليل ضوضاء النقر)",
EnableAntiPopTooltip,アンチポップ有効ツールチップ,"ノートの開始時と終了時に短いフェードを適用し、「プツッ」というポップノイズを低減します。","Applies short fades at the start and end of notes to reduce 'pop' noises.","在音符的开始和结束时应用短时淡入淡出来减少“爆音”噪声。","在音符的開始和結束時應用短時淡入淡出來減少「爆音」噪音。","노트 시작과 끝에 짧은 페이드를 적용하여 '팝' 노이즈를 줄입니다.","Aplica fundidos cortos al inicio y final de las notas para reducir ruidos de 'pop'.","يطبق تلاشيات قصيرة في بداية ونهاية النوتات لتقليل ضوضاء 'الفرقعة'.",
AntiPopAttackLabel,アンチポップアタックラベル,アタック (s),Attack (s),起音 (秒),起音 (秒),어택 (초),Ataque (s),الهجوم (ث),
AntiPopReleaseLabel,アンチポップリリースラベル,リリース (s),Release (s),释放 (秒),釋放 (秒),릴리스 (초),Liberación (s),التحرير (ث),
EnableNoteCrossfadeCheckbox,ノートクロスフェード有効チェックボックス,ノートクロスフェードを有効にする,Enable Note Crossfade,启用音符交叉淡化,啟用音符交叉淡化,노트 크로스페이드 활성화,Habilitar Fundido Cruzado de Notas,تمكين التلاشي المتقاطع للنوتات,
EnableNoteCrossfadeTooltip,ノートクロスフェード有効ツールチップ,ノートの切り替わりをスムーズにし、ノイズを低減します。,Smoothes transitions between notes to reduce noise.,平滑音符之间的过渡以减少噪音。,平滑音符之間的過渡以減少噪音。,노트 전환을 부드럽게 하여 노이즈를 줄입니다.,Suaviza las transiciones entre notas para reducir el ruido.,ينعم الانتقالات بين النوتات لتقليل الضوضاء.,
CrossfadeTimeLabel,クロスフェード時間ラベル,クロスフェード時間(s),Crossfade Time(s),交叉淡化时间(秒),交叉淡化時間(秒),크로스페이드 시간(초),Tiempo de Fundido(s),وقت التلاشي المتقاطع(ث),
EffectsTabHeader,エフェクトタブ ヘッダー,エフェクト,Effects,效果,效果,이펙트,Efectos,المؤثرات,
EffectsTabTooltip,エフェクトタブ ツールチップ,音質を調整するための様々なエフェクトを設定します。,Configure various effects to adjust audio quality.,配置各种效果来调整音质。,配置各種效果來調整音質。,음질을 조정하기 위한 다양한 이펙트를 설정합니다.,Configura varios efectos para ajustar la calidad del audio.,قم بتكوين مؤثرات مختلفة لضبط جودة الصوت.,
EnableEffectsCheckbox,エフェクト有効チェックボックス,エフェクトを有効にする,Enable Effects,启用效果,啟用效果,이펙트 활성화,Habilitar Efectos,تمكين المؤثرات,
EnableEffectsTooltip,エフェクト有効ツールチップ,すべてのオーディオエフェクトの有効/無効を切り替えます。,Toggles all audio effects on/off.,切换所有音频效果的开关。,切換所有音訊效果的開關。,모든 오디오 이펙트 활성화/비활성화 전환합니다.,Activa/desactiva todos los efectos de audio.,تبديل جميع المؤثرات الصوتية بين تشغيل / إيقاف.,
CompressorGroupHeader,コンプレッサーグループ ヘッダー,コンプレッサー,Compressor,压缩器,壓縮器,컴프레서,Compresor,ضاغط,
CompressorTooltip,コンプレッサー ツールチップ,音量のばらつきを抑え、音圧を上げるエフェクトです。,An effect that suppresses volume variations and increases sound pressure.,抑制音量变化并增加声压的效果。,抑制音量變化並增加聲壓的效果。,볼륨 변동을 억제하고 음압을 높이는 이펙트입니다.,Un efecto que suprime las variaciones de volumen y aumenta la presión sonora.,تأثير يقلل من تقلبات مستوى الصوت ويزيد من ضغط الصوت.,
EnableCompressorCheckbox,コンプレッサー有効チェックボックス,コンプレッサーを有効にする,Enable Compressor,启用压缩器,啟用壓縮器,컴프레서 활성화,Habilitar Compresor,تمكين الضاغط,
CompressorThresholdLabel,コンプレッサー閾値ラベル,閾値,Threshold,阈值,閾值,임계값,Umbral,العتبة,
CompressorThresholdTooltip,コンプレッサー閾値ツールチップ,コンプレッサーが作動を開始する音量のしきい値。,The volume threshold at which the compressor starts working.,压缩器开始工作的音量阈值。,壓縮器開始工作的音量閾值。,컴프레서가 작동하기 시작하는 볼륨 임계값입니다.,El umbral de volumen al que el compresor comienza a funcionar.,عتبة مستوى الصوت التي يبدأ عندها الضاغط في العمل.,
CompressorRatioLabel,コンプレッサーレシオ ラベル,レシオ,Ratio,比率,比率,비율,Ratio,النسبة,
CompressorRatioTooltip,コンプレッサーレシオ ツールチップ,しきい値を超えた音を圧縮する比率。4:1の場合、しきい値を4dB超えた音は1dB超えた音に圧縮されます。,The ratio at which sound exceeding the threshold is compressed. E.g., at 4:1, sound 4dB over the threshold is compressed to 1dB over.,超过阈值的声音被压缩的比例。例如4:1，超过阈值4dB的声音将被压缩到超过阈值1dB。,超過閾值的聲音被壓縮的比例。例如4:1，超過閾值4dB的聲音將被壓縮到超過閾值1dB。,임계값을 초과하는 사운드를 압축하는 비율입니다. 예: 4:1 비율은 임계값을 4dB 초과한 사운드를 1dB 초과한 사운드로 압축합니다.,La proporción en que se comprime el sonido que supera el umbral. P.ej., a 4:1, el sonido 4dB por encima del umbral se comprime a 1dB por encima.,النسبة التي يتم بها ضغط الصوت الذي يتجاوز العتبة. على سبيل المثال، بنسبة 4:1، يتم ضغط الصوت الذي يزيد 4 ديسيبل فوق العتبة إلى 1 ديسيبل فوقها.,
CompressorAttackLabel,コンプレッサーアタック ラベル,アタック (s),Attack (s),起音 (秒),起音 (秒),어택 (초),Ataque (s),الهجوم (ث),
CompressorAttackTooltip,コンプレッサーアタック ツールチップ,コンプレッサーが作動し始めるまでの時間（秒）。,The time (in seconds) it takes for the compressor to start working.,压缩器开始工作所需的时间（秒）。,壓縮器開始工作所需的時間（秒）。,컴프레서가 작동하기 시작할 때까지의 시간(초)입니다.,El tiempo (en segundos) que tarda el compresor en empezar a funcionar.,الوقت (بالثواني) الذي يستغرقه الضاغط لبدء العمل.,
CompressorReleaseLabel,コンプレッサーリリース ラベル,リリース (s),Release (s),释放 (秒),釋放 (秒),릴리스 (초),Liberación (s),التحرير (ث),
CompressorReleaseTooltip,コンプレッサーリリース ツールチップ,コンプレッサーが解除されるまでの時間（秒）。,The time (in seconds) it takes for the compressor to release.,压缩器释放所需的时间（秒）。,壓縮器釋放所需的時間（秒）。,컴프레서가 해제될 때까지의 시간(초)입니다.,El tiempo (en segundos) que tarda el compresor en liberarse.,الوقت (بالثواني) الذي يستغرقه الضاغط للتوقف عن العمل.,
AlgorithmicReverbGroupHeader,アルゴリズミックリバーブ グループヘッダー,アルゴリズミックリバーブ,Algorithmic Reverb,算法混响,演算法混響,알고리즘 리버브,Reverberación Algorítmica,صدى خوارزمي,
AlgorithmicReverbTooltip,アルゴリズミックリバーブ ツールチップ,計算によって残響を生成する高品質なリバーブです。,A high-quality reverb that generates reverberation through calculations.,通过计算产生混响的高质量混响。,通過計算產生殘響的高品質混響。,계산을 통해 잔향을 생성하는 고품질 리버브입니다.,Una reverberación de alta calidad que genera reverberación mediante cálculos.,صدى عالي الجودة يولد صدى صوتي من خلال العمليات الحسابية.,
EnableAlgorithmicReverbCheckbox,アルゴリズミックリバーブ有効チェックボックス,アルゴリズミックリバーブを有効にする,Enable Algorithmic Reverb,启用算法混响,啟用演算法混響,알고리즘 리버브 활성화,Habilitar Reverberación Algorítmica,تمكين صدى خوارزمي,
ReverbRoomSizeLabel,リバーブ部屋の広さラベル,部屋の広さ,Room Size,房间大小,房間大小,방 크기,Tamaño de Sala,حجم الغرفة,
ReverbDampingLabel,リバーブ減衰ラベル,減衰,Damping,阻尼,阻尼,댐핑,Amortiguación,التخميد,
ReverbWetLevelLabel,リバーブウェットレベル ラベル,ウェット,Wet,湿声,濕聲,웻,Wet,رطب,
ReverbDryLevelLabel,リバーブドライレベル ラベル,ドライ,Dry,干声,乾聲,드라이,Dry,جاف,
ReverbWidthLabel,リバーブ広がりラベル,広がり,Width,宽度,寬度,너비,Anchura,الاتساع,
ConvolutionReverbGroupHeader,畳み込みリバーブ グループヘッダー,畳み込みリバーブ,Convolution Reverb,卷积混响,摺積混響,컨볼루션 리버브,Reverberación de Convolución,صدى التوافقي,
ConvolutionReverbTooltip,畳み込みリバーブ ツールチップ,インパルス応答(IR)ファイルを使用して、リアルな残響を再現します。,Uses an Impulse Response (IR) file to reproduce realistic reverberation.,使用脉冲响应(IR)文件再现实时混响。,使用脈衝響應(IR)檔案重現真實殘響。,임펄스 응답(IR) 파일을 사용하여 사실적인 잔향을 재현합니다.,Utiliza un archivo de Respuesta a Impulso (IR) para reproducir una reverberación realista.,يستخدم ملف استجابة نبضية (IR) لإعادة إنتاج صدى صوتي واقعي.,
EnableConvolutionReverbCheckbox,畳み込みリバーブ有効チェックボックス,畳み込みリバーブを有効にする,Enable Convolution Reverb,启用卷积混响,啟用摺積混響,컨볼루션 리버브 활성화,Habilitar Reverberación de Convolución,تمكين صدى التوافقي,
IrFilePathLabel,IRファイルパス ラベル,IRファイルパス,IR File Path,IR 文件路径,IR 檔案路徑,IR 파일 경로,Ruta Archivo IR,مسار ملف IR,
BrowseButton,参照ボタン,...,Browse...,浏览...,瀏覽...,...,Explorar...,استعراض...,
MaxIrDurationLabel,IR最大読み込み時間 ラベル,最大読み込み時間 (s),Max Load Time (s),最大加载时间 (秒),最大載入時間 (秒),최대 로드 시간 (초),Tiempo Máx. Carga (s),أقصى وقت تحميل (ث),
MaxIrDurationTooltip,IR最大読み込み時間 ツールチップ,インパルス応答ファイルの最大読み込み時間を秒単位で指定します。,Specify the maximum load time for the impulse response file in seconds.,指定脉冲响应文件的最大加载时间（秒）。,指定脈衝響應檔案的最大載入時間（秒）。,임펄스 응답 파일의 최대 로드 시간을 초 단위로 지정합니다.,Especifique el tiempo máximo de carga para el archivo de respuesta a impulso en segundos.,حدد أقصى وقت تحميل لملف الاستجابة النبضية بالثواني.,
DistortionGroupHeader,ディストーション グループヘッダー,ディストーション,Distortion,失真,失真,디스토션,Distorsión,تشويه,
DistortionTooltip,ディストーション ツールチップ,音を歪ませて力強いサウンドを作ります。,Distorts the sound to create a powerful sound.,扭曲声音以创造强大的声音。,扭曲聲音以創造強大的聲音。,사운드를 왜곡하여 강력한 사운드를 만듭니다.,Distorsiona el sonido para crear un sonido potente.,يشوه الصوت لخلق صوت قوي.,
EnableDistortionCheckbox,ディストーション有効チェックボックス,ディストーションを有効にする,Enable Distortion,启用失真,啟用失真,디스토션 활성화,Habilitar Distorsión,تمكين التشويه,
DistortionTypeLabel,ディストーション種類ラベル,種類,Type,类型,類型,종류,Tipo,النوع,
DistortionDriveLabel,ディストーションドライブ ラベル,ドライブ,Drive,驱动,驅動,드라이브,Drive,القيادة,
DistortionMixLabel,ディストーションミックス ラベル,ミックス,Mix,混合,混合,믹스,Mezcla,مزيج,
BitCrusherGroupHeader,ビットクラッシャー グループヘッダー,ビットクラッシャー,Bit Crusher,比特失真,位元壓縮,비트 크러셔,Bit Crusher,سحق البت,
BitCrusherTooltip,ビットクラッシャー ツールチップ,音質を意図的に劣化させ、レトロなサウンドを作ります。,Intentionally degrades sound quality to create a retro sound.,故意降低音质以创造复古声音。,故意降低音質以創造復古聲音。,의도적으로 음질을 저하시켜 레트로 사운드를 만듭니다.,Degrada intencionalmente la calidad del sonido para crear un sonido retro.,يقلل جودة الصوت عمداً لخلق صوت قديم.,
EnableBitCrusherCheckbox,ビットクラッシャー有効チェックボックス,ビットクラッシャーを有効にする,Enable Bit Crusher,启用比特失真,啟用位元壓縮,비트 크러셔 활성화,Habilitar Bit Crusher,تمكين سحق البت,
BitDepthLabel,ビット深度ラベル,ビット深度,Bit Depth,位深度,位元深度,비트 심도,Profundidad de Bits,عمق البت,
RateReductionLabel,レート削減ラベル,レート削減,Rate Reduction,速率降低,速率降低,레이트 감소,Reducción de Tasa,تقليل المعدل,
PingPongDelayGroupHeader,ピンポンディレイ グループヘッダー,ピンポンディレイ,Ping Pong Delay,乒乓延迟,乒乓延遲,핑퐁 딜레이,Delay Ping Pong,تأخير بينغ بونغ,
PingPongDelayTooltip,ピンポンディレイ ツールチップ,左右のチャンネルで交互にやまびこ効果を生み出すディレイです。,A delay that creates an echo effect alternating between left and right channels.,在左右声道之间交替产生回声效果的延迟。,在左右聲道之間交替產生回聲效果的延遲。,좌우 채널에서 번갈아 메아리 효과를 내는 딜레이입니다.,Un retardo que crea un efecto de eco alternando entre los canales izquierdo y derecho.,تأخير يخلق تأثير صدى يتناوب بين القنوات اليسرى واليمنى.,
EnablePingPongDelayCheckbox,ピンポンディレイ有効チェックボックス,ピンポンディレイを有効にする,Enable Ping Pong Delay,启用乒乓延迟,啟用乒乓延遲,핑퐁 딜레이 활성화,Habilitar Delay Ping Pong,تمكين تأخير بينغ بونغ,
DelayTimeLabel,ディレイタイム ラベル,ディレイタイム (s),Delay Time (s),延迟时间 (秒),延遲時間 (秒),딜레이 타임 (초),Tiempo de Delay (s),وقت التأخير (ث),
DelayTimeTooltip,ディレイタイム ツールチップ,やまびこの間隔（秒）。,The interval of the echo (in seconds).,回声的间隔（秒）。,回聲的間隔（秒）。,메아리 간격(초).,El intervalo del eco (en segundos).,الفاصل الزمني للصدى (بالثواني).,
FeedbackLabel,フィードバック ラベル,フィードバック,Feedback,反馈,反饋,피드백,Retroalimentación,ردود الفعل,
FeedbackTooltip,フィードバック ツールチップ,やまびこが繰り返される回数。,The number of times the echo repeats.,回声重复的次数。,回聲重複的次數。,메아리가 반복되는 횟수.,El número de veces que se repite el eco.,عدد مرات تكرار الصدى.,
MixLabel,ミックス ラベル,Mix,Mix,混合,混合,믹스,Mezcla,مزيج,
MixTooltip,ミックス ツールチップ,原音とエフェクト音のバランス。,The balance between the original sound (dry) and the effect sound (wet).,原始声音（干声）和效果声音（湿声）之间的平衡。,原始聲音（乾聲）和效果聲音（濕聲）之間的平衡。,원본 사운드(드라이)와 이펙트 사운드(웻)의 밸런스.,El equilibrio entre el sonido original (seco) y el sonido del efecto (húmedo).,التوازن بين الصوت الأصلي (الجاف) وصوت التأثير (الرطب).,
ChorusGroupHeader,コーラス グループヘッダー,コーラス,Chorus,合唱,合唱,코러스,Chorus,جوقة,
ChorusTooltip,コーラス ツールチップ,音をわずかに揺らして重ねることで、音に厚みと広がりを与えます。,Adds thickness and width to the sound by slightly detuning and layering it.,通过轻微的晃动和叠加声音，为声音增添厚度和宽度。,通過輕微的晃動和疊加聲音，為聲音增添厚度和寬度。,사운드를 약간 흔들어 겹쳐서 사운드에 두께와 넓이를 줍니다.,Añade grosor y amplitud al sonido desafinándolo ligeramente y superponiéndolo.,يضيف سماكة واتساعًا للصوت عن طريق تعديل درجة الصوت قليلاً وتطبيقه.,
EnableChorusCheckbox,コーラス有効チェックボックス,コーラスを有効にする,Enable Chorus,启用合唱,啟用合唱,코러스 활성화,Habilitar Chorus,تمكين الجوقة,
ChorusDelayLabel,コーラスディレイ ラベル,ディレイ (s),Delay (s),延迟 (秒),延遲 (秒),딜레이 (초),Delay (s),التأخير (ث),
ChorusDelayTooltip,コーラスディレイ ツールチップ,原音と重ねる音の遅延時間（秒）。,The delay time (in seconds) of the layered sound against the original sound.,叠加声音相对于原始声音的延迟时间（秒）。,疊加聲音相對於原始聲音的延遲時間（秒）。,원본 사운드에 겹치는 사운드의 딜레이 시간(초).,El tiempo de retardo (en segundos) del sonido superpuesto contra el sonido original.,وقت التأخير (بالثواني) للصوت المضاف فوق الصوت الأصلي.,
ChorusDepthLabel,コーラス深さラベル,深さ,Depth,深度,深度,깊이,Profundidad,العمق,
ChorusDepthTooltip,コーラス深さツールチップ,音の揺れの深さ。,The depth of the sound modulation.,声音调制的深度。,聲音調製的深度。,사운드 변조의 깊이.,La profundidad de la modulación del sonido.,عمق تعديل الصوت.,
ChorusRateLabel,コーラスレート ラベル,レート (Hz),Rate (Hz),速率 (Hz),速率 (Hz),레이트 (Hz),Tasa (Hz),المعدل (هرتز),
ChorusRateTooltip,コーラスレート ツールチップ,音を揺らす速さ（Hz）。,The speed of the sound modulation (in Hz).,声音调制的速度（Hz）。,聲音調製的速度（Hz）。,사운드 변조 속도(Hz).,La velocidad de la modulación del sonido (en Hz).,سرعة تعديل الصوت (بالهرتز).,
ChorusStrengthLabel,コーラス強度ラベル,強度,Strength,强度,強度,강도,Fuerza,القوة,
ChorusStrengthTooltip,コーラス強度ツールチップ,原音に対するコーラス音の強さ。,The strength of the chorus sound relative to the original sound.,合唱声音相对于原始声音的强度。,合唱聲音相對於原始聲音的強度。,원본 사운드에 대한 코러스 사운드의 강도.,La fuerza del sonido del chorus en relación con el sonido original.,قوة صوت الجوقة بالنسبة للصوت الأصلي.,
PhaserGroupHeader,フェイザー グループヘッダー,フェイザー,Phaser,移相器,移相器,페이저,Phaser,المحول الطوري,
PhaserTooltip,フェイザー ツールチップ,音の位相をずらして独特のうねりを生み出すエフェクトです。,An effect that creates a unique swirling sound by shifting the phase of the sound.,通过改变声音的相位来创造独特旋转声音的效果。,通過改變聲音的相位來創造獨特旋轉聲音的效果。,사운드의 위상을 이동시켜 독특한 소용돌이 사운드를 만드는 이펙트입니다.,Un efecto que crea un sonido giratorio único al desplazar la fase del sonido.,تأثير يخلق صوتًا دوارًا فريدًا عن طريق تحويل طور الصوت.,
EnablePhaserCheckbox,フェイザー有効チェックボックス,フェイザーを有効にする,Enable Phaser,启用移相器,啟用移相器,페이저 활성화,Habilitar Phaser,تمكين المحول الطوري,
PhaserRateLabel,フェイザーレート ラベル,レート (Hz),Rate (Hz),速率 (Hz),速率 (Hz),레이트 (Hz),Tasa (Hz),المعدل (هرتز),
PhaserRateTooltip,フェイザーレート ツールチップ,位相を変化させる速さ（Hz）。,The speed at which the phase is changed (in Hz).,改变相位的速度（Hz）。,改變相位的速度（Hz）。,위상을 변화시키는 속도(Hz).,La velocidad a la que se cambia la fase (en Hz).,السرعة التي يتم بها تغيير الطور (بالهرتز).,
PhaserStagesLabel,フェイザーステージ数ラベル,ステージ数,Stages,级数,級數,스테이지 수,Etapas,المراحل,
PhaserStagesTooltip,フェイザーステージ数ツールチップ,フェイザーのフィルターの段数。多いほど複雑な効果になります。,The number of filter stages in the phaser. More stages create a more complex effect.,移相器中滤波器的级数。级数越多，效果越复杂。,移相器中濾波器的級數。級數越多，效果越複雜。,페이저의 필터 단 수. 많을수록 복잡한 효과가 나타납니다.,El número de etapas de filtro en el phaser. Más etapas crean un efecto más complejo.,عدد مراحل المرشح في المحول الطوري. المزيد من المراحل يخلق تأثيرًا أكثر تعقيدًا.,
PhaserFeedbackLabel,フェイザーフィードバック ラベル,フィードバック,Feedback,反馈,反饋,피드백,Retroalimentación,ردود الفعل,
PhaserFeedbackTooltip,フェイザーフィードバック ツールチップ,エフェクト音を再度入力に戻す量。効果を強調します。,The amount of the effect sound fed back into the input. Emphasizes the effect.,反馈到输入的效应声音量。强调效果。,反饋到輸入的效應聲音量。強調效果。,이펙트 사운드를 다시 입력으로 피드백하는 양. 이펙트를 강조합니다.,La cantidad de sonido del efecto retroalimentado a la entrada. Enfatiza el efecto.,كمية صوت التأثير المُعاد إدخاله. يؤكد على التأثير.,
FlangerGroupHeader,フランジャー グループヘッダー,フランジャー,Flanger,镶边器,鑲邊器,플랜저,Flanger,الشفير,
FlangerTooltip,フランジャー ツールチップ,コーラスに似ていますが、より短く周期的な遅延を用いて金属的なうねりを生み出します。,Similar to chorus, but uses shorter, periodic delays to create a metallic swirling sound.,类似于合唱，但使用更短、周期性的延迟来创造金属般的旋转声音。,類似於合唱，但使用更短、週期性的延遲來創造金屬般的旋轉聲音。,코러스와 비슷하지만 더 짧고 주기적인 딜레이를 사용하여 금속성의 소용돌이 사운드를 만듭니다.,Similar al chorus, pero utiliza retardos más cortos y periódicos para crear un sonido metálico giratorio.,مشابه للجوقة، ولكنه يستخدم تأخيرات أقصر ودورية لإنشاء صوت دوامة معدني.,
EnableFlangerCheckbox,フランジャー有効チェックボックス,フランジャーを有効にする,Enable Flanger,启用镶边器,啟用鑲邊器,플랜저 활성화,Habilitar Flanger,تمكين الشفير,
FlangerDelayLabel,フランジャーディレイ ラベル,ディレイ (s),Delay (s),延迟 (秒),延遲 (秒),딜레이 (초),Delay (s),التأخير (ث),
FlangerDelayTooltip,フランジャーディレイ ツールチップ,遅延時間（秒）。,Delay time (in seconds).,延迟时间（秒）。,延遲時間（秒）。,딜레이 시간(초).,Tiempo de retardo (en segundos).,وقت التأخير (بالثواني).,
FlangerRateLabel,フランジャーレート ラベル,レート (Hz),Rate (Hz),速率 (Hz),速率 (Hz),레이트 (Hz),Tasa (Hz),المعدل (هرتز),
FlangerRateTooltip,フランジャーレート ツールチップ,うねりの速さ（Hz）。,The speed of the swirl (in Hz).,旋转的速度（Hz）。,旋轉的速度（Hz）。,소용돌이 속도(Hz).,La velocidad del remolino (en Hz).,سرعة الدوامة (بالهرتز).,
FlangerDepthLabel,フランジャー深さラベル,深さ,Depth,深度,深度,깊이,Profundidad,العمق,
FlangerDepthTooltip,フランジャー深さツールチップ,うねりの深さ。,The depth of the swirl.,旋转的深度。,旋轉的深度。,소용돌이의 깊이.,La profundidad del remolino.,عمق الدوامة.,
LimiterGroupHeader,リミッター グループヘッダー,リミッター,Limiter,限制器,限制器,리미터,Limitador,المحدد,
LimiterTooltip,リミッター ツールチップ,音量が一定のしきい値を超えないように制限し、音割れ（クリッピング）を防ぎます。,Limits the volume from exceeding a certain threshold, preventing clipping.,限制音量不超过某个阈值，防止削波。,限制音量不超過某個閾值，防止削波。,볼륨이 특정 임계값을 초과하지 않도록 제한하여 클리핑을 방지합니다.,Limita el volumen para que no supere un cierto umbral, evitando el recorte.,يحد من مستوى الصوت لكي لا يتجاوز عتبة معينة، مما يمنع التقطيع.,
EnableLimiterCheckbox,リミッター有効チェックボックス,リミッターを有効にする,Enable Limiter,启用限制器,啟用限制器,리미터 활성화,Habilitar Limitador,تمكين المحدد,
LimiterThresholdLabel,リミッター閾値ラベル,閾値,Threshold,阈值,閾值,임계값,Umbral,العتبة,
LimiterThresholdTooltip,リミッター閾値ツールチップ,音量を制限する上限値。,The upper limit to restrict the volume.,限制音量的上限。,限制音量的上限。,볼륨을 제한하는 상한값.,El límite superior para restringir el volumen.,الحد الأعلى لتقييد مستوى الصوت.,
EqualizerGroupHeader,イコライザー グループヘッダー,イコライザー,Equalizer,均衡器,等化器,이퀄라이저,Ecualizador,المعادل,
EqualizerTooltip,イコライザー ツールチップ,特定の周波数帯域を強調したり、抑制したりして音質を調整します。,Adjusts sound quality by boosting or cutting specific frequency bands.,通过增强或抑制特定频段来调整音质。,通過增強或抑制特定頻段來調整音質。,특정 주파수 대역을 강조하거나 억제하여 음질을 조정합니다.,Ajusta la calidad del sonido realzando o atenuando bandas de frecuencia específicas.,يضبط جودة الصوت عن طريق تعزيز أو خفض نطاقات تردد معينة.,
EnableEqualizerCheckbox,イコライザー有効チェックボックス,イコライザーを有効にする,Enable Equalizer,启用均衡器,啟用等化器,이퀄라이저 활성화,Habilitar Ecualizador,تمكين المعادل,
EqBassGainLabel,EQ低音ゲイン ラベル,低音ゲイン,Bass Gain,低音增益,低音增益,저음 게인,Ganancia de Graves,كسب الجهير,
EqBassGainTooltip,EQ低音ゲイン ツールチップ,低音域のゲイン（音量）を調整します。,Adjusts the gain (volume) of the bass range.,调整低音范围的增益（音量）。,調整低音範圍的增益（音量）。,저음역의 게인(볼륨)을 조정합니다.,Ajusta la ganancia (volumen) del rango de graves.,يضبط الكسب (مستوى الصوت) لنطاق الجهير.,
EqMidGainLabel,EQ中音ゲイン ラベル,中音ゲイン,Mid Gain,中音增益,中音增益,중음 게인,Ganancia de Medios,كسب المتوسط,
EqMidGainTooltip,EQ中音ゲイン ツールチップ,中音域のゲイン（音量）を調整します。,Adjusts the gain (volume) of the mid range.,调整中音范围的增益（音量）。,調整中音範圍的增益（音量）。,중음역의 게인(볼륨)을 조정합니다.,Ajusta la ganancia (volumen) del rango medio.,يضبط الكسب (مستوى الصوت) للنطاق المتوسط.,
EqTrebleGainLabel,EQ高音ゲイン ラベル,高音ゲイン,Treble Gain,高音增益,高音增益,고음 게인,Ganancia de Agudos,كسب الثلاثي,
EqTrebleGainTooltip,EQ高音ゲイン ツールチップ,高音域のゲイン（音量）を調整します。,Adjusts the gain (volume) of the treble range.,调整高音范围的增益（音量）。,調整高音範圍的增益（音量）。,고음역의 게인(볼륨)을 조정합니다.,Ajusta la ganancia (volumen) del rango de agudos.,يضبط الكسب (مستوى الصوت) لنطاق الثلاثي.,
OtherEffectsGroupHeader,その他エフェクト グループヘッダー,その他,Other,其他,其他,기타,Otros,أخرى,
EnableDcOffsetRemovalCheckbox,DCオフセット除去有効チェックボックス,DCオフセット除去を有効にする,Enable DC Offset Removal,启用直流偏移消除,啟用直流偏移消除,DC 오프셋 제거 활성화,Habilitar Eliminación de Desplazamiento DC,تمكين إزالة إزاحة التيار المستمر,
EnableDcOffsetRemovalTooltip,DCオフセット除去有効ツールチップ,音声信号に含まれる直流成分（DCオフセット）を除去します。不要なノイズや歪みを防ぎます。,Removes the direct current component (DC offset) from the audio signal. Prevents unwanted noise and distortion.,消除音频信号中的直流分量（DC偏移）。防止不必要的噪音和失真。,消除音訊信號中的直流分量（DC偏移）。防止不必要的噪音和失真。,오디오 신호에 포함된 직류 성분(DC 오프셋)을 제거합니다. 불필요한 노이즈나 왜곡을 방지합니다.,Elimina el componente de corriente continua (desplazamiento DC) de la señal de audio. Previene ruidos y distorsiones no deseadas.,يزيل مكون التيار المستمر (إزاحة التيار المستمر) من إشارة الصوت. يمنع الضوضاء والتشويه غير المرغوب فيه.,
InstrumentTabHeader,インストゥルメントタブ ヘッダー,インストゥルメント,Instruments,乐器,樂器,악기,Instrumentos,الآلات,
InstrumentTabTooltip,インストゥルメントタブ ツールチップ,MIDIのプログラム番号に応じた音色の設定を行います。,Configure timbre settings according to MIDI program numbers.,根据MIDI程序编号配置音色设置。,根據MIDI程式編號設定音色。,MIDI 프로그램 번호에 따른 음색 설정을 합니다.,Configura los ajustes de timbre según los números de programa MIDI.,تكوين إعدادات الجرس وفقًا لأرقام برنامج MIDI.,
InstrumentPresetTabHeader,インストゥルメントプリセットタブ ヘッダー,プリセット,Preset,预设,預設,프리셋,Preajuste,إعداد مسبق,
InstrumentPresetTabTooltip,インストゥルメントプリセットタブ ツールチップ,MIDIプログラム番号の範囲に対して、音色の設定を割り当てます。,Assign timbre settings to a range of MIDI program numbers.,为MIDI程序编号范围分配音色设置。,為MIDI程式編號範圍分配音色設定。,MIDI 프로그램 번호 범위에 음색 설정을 할당합니다.,Asigna configuraciones de timbre a un rango de números de programa MIDI.,تعيين إعدادات الجرس لنطاق من أرقام برنامج MIDI.,
AddButton,追加ボタン,追加,Add,添加,新增,추가,Añadir,إضافة,
DeleteButton,削除ボタン,削除,Delete,删除,刪除,삭제,Eliminar,حذف,
AddInstrumentPresetTooltip,インストゥルメントプリセット追加 ツールチップ,新しいインストゥルメントプリセットを追加します。,Adds a new instrument preset.,添加新的乐器预设。,新增樂器預設。,새 악기 프리셋을 추가합니다.,Añade un nuevo preajuste de instrumento.,يضيف إعداد مسبق جديد للآلة.,
RemoveInstrumentPresetTooltip,インストゥルメントプリセット削除 ツールチップ,選択したプリセットを削除します。,Deletes the selected preset.,删除所选预设。,刪除所選預設。,선택한 프리셋을 삭제합니다.,Elimina el preajuste seleccionado.,يحذف الإعداد المسبق المحدد.,
HeaderName,ヘッダー 名前,名前,Name,名称,名稱,이름,Nombre,الاسم,
HeaderStart,ヘッダー 開始,開始,Start,开始,開始,시작,Inicio,البداية,
HeaderEnd,ヘッダー 終了,終了,End,结束,結束,종료,Fin,النهاية,
HeaderWaveform,ヘッダー 波形,波形,Waveform,波形,波形,파형,Forma de onda,الشكل الموجي,
HeaderAttack,ヘッダー アタック,アタック,Attack,起音,起音,어택,Ataque,الهجوم,
HeaderDecay,ヘッダー ディケイ,ディケイ,Decay,衰减,衰減,디케이,Decaimiento,الاضمحلال,
HeaderSustain,ヘッダー サステイン,サステイン,Sustain,持续,持續,서스테인,Sostenido,الاستدامة,
HeaderRelease,ヘッダー リリース,リリース,Release,释放,釋放,릴리스,Liberación,التحرير,
HeaderVolume,ヘッダー 音量,音量,Volume,音量,音量,볼륨,Volumen,مستوى الصوت,
HeaderFilter,ヘッダー フィルター,フィルター,Filter,滤波器,濾波器,필터,Filtro,المرشح,
HeaderCutoff,ヘッダー カットオフ,カットオフ,Cutoff,截止,截止,컷오프,Corte,القطع,
HeaderResonance,ヘッダー レゾナンス,レゾナンス,Resonance,共振,共振,레조넌스,Resonancia,الرنين,
HeaderFilterLfo,ヘッダー Filter LFO,Filter LFO,Filter LFO,滤波器LFO,濾波器LFO,필터 LFO,Filtro LFO,مرشح LFO,
HeaderFLfoRate,ヘッダー F-LFO Rate,F-LFO Rate,F-LFO Rate,F-LFO 速率,F-LFO 速率,F-LFO Rate,Tasa F-LFO,معدل F-LFO,
HeaderFLfoDepth,ヘッダー F-LFO Depth,F-LFO Depth,F-LFO Depth,F-LFO 深度,F-LFO 深度,F-LFO Depth,Prof. F-LFO,عمق F-LFO,
InstrumentCustomTabHeader,インストゥルメントカスタムタブ ヘッダー,カスタム,Custom,自定义,自訂,커스텀,Personalizado,مخصص,
InstrumentCustomTabTooltip,インストゥルメントカスタムタブ ツールチップ,特定のMIDIプログラム番号に対して、個別の音色設定を割り当てます。パーカッションチャンネル（10）の場合は-1として設定します。,Assign individual timbre settings to specific MIDI program numbers. Set to -1 for percussion channel (10).,为特定的MIDI程序编号分配单独的音色设置。打击乐通道（10）请设置为-1。,為特定的MIDI程式編號分配單獨的音色設定。打擊樂通道（10）請設定為-1。,특정 MIDI 프로그램 번호에 개별 음색 설정을 할당합니다. 퍼커션 채널(10)의 경우 -1로 설정합니다.,Asigna configuraciones de timbre individuales a números de programa MIDI específicos. Establece -1 para el canal de percusión (10).,تعيين إعدادات جرس فردية لأرقام برنامج MIDI محددة. اضبط على -1 لقناة الإيقاع (10).,
AddCustomInstrumentTooltip,カスタムインストゥルメント追加 ツールチップ,新しいカスタムインストゥルメントを追加します。,Adds a new custom instrument.,添加新的自定义乐器。,新增自訂樂器。,새 커스텀 악기를 추가합니다.,Añade un nuevo instrumento personalizado.,يضيف آلة مخصصة جديدة.,
RemoveCustomInstrumentTooltip,カスタムインストゥルメント削除 ツールチップ,選択したカスタムインストゥルメントを削除します。,Deletes the selected custom instrument.,删除所选的自定义乐器。,刪除所選的自訂樂器。,선택한 커스텀 악기를 삭제합니다.,Elimina el instrumento personalizado seleccionado.,يحذف الآلة المخصصة المحددة.,
HeaderProgram,ヘッダー プログラム,プログラム,Program,程序,程式,프로그램,Programa,البرنامج,
HeaderWavetableFile,ヘッダー Wavetableファイル,Wavetableファイル,Wavetable File,Wavetable 文件,Wavetable 檔案,Wavetable 파일,Archivo Wavetable,ملف Wavetable,
HeaderFLfoWaveform,ヘッダー F-LFO波形,F-LFO波形,F-LFO Wave,F-LFO 波形,F-LFO 波形,F-LFO 파형,Onda F-LFO,موجة F-LFO,
HeaderPLfoWaveform,ヘッダー P-LFO波形,P-LFO波形,P-LFO Wave,P-LFO 波形,P-LFO 波形,P-LFO 파형,Onda P-LFO,موجة P-LFO,
HeaderPLfoRate,ヘッダー P-LFO Rate,P-LFO Rate,P-LFO Rate,P-LFO 速率,P-LFO 速率,P-LFO Rate,Tasa P-LFO,معدل P-LFO,
HeaderPLfoDepth,ヘッダー P-LFO Depth,P-LFO Depth,P-LFO Depth,P-LFO 深度,P-LFO 深度,P-LFO Depth,Prof. P-LFO,عمق P-LFO,
HeaderALfoWaveform,ヘッダー A-LFO波形,A-LFO波形,A-LFO Wave,A-LFO 波形,A-LFO 波形,A-LFO 파형,Onda A-LFO,موجة A-LFO,
HeaderALfoRate,ヘッダー A-LFO Rate,A-LFO Rate,A-LFO Rate,A-LFO 速率,A-LFO 速率,A-LFO Rate,Tasa A-LFO,معدل A-LFO,
HeaderALfoDepth,ヘッダー A-LFO Depth,A-LFO Depth,A-LFO Depth,A-LFO 深度,A-LFO 深度,A-LFO Depth,Prof. A-LFO,عمق A-LFO,
DebugTabHeader,デバッグタブ ヘッダー,デバッグ,Debug,调试,偵錯,디버그,Depuración,تصحيح الأخطاء,
DebugTabTooltip,デバッグタブ ツールチップ,問題が発生した際の調査に役立つデバッグ用の設定です。,Settings for debugging to help investigate issues.,用于调试以帮助调查问题的设置。,用於偵錯以協助調查問題的設定。,문제가 발생했을 때 조사를 돕는 디버그 설정입니다.,Configuración de depuración para ayudar a investigar problemas.,إعدادات لتصحيح الأخطاء للمساعدة في التحقيق في المشكلات.,
LoggingGroupHeader,ロギング グループヘッダー,ロギング,Logging,日志记录,日誌記錄,로깅,Registro,التسجيل,
EnableLoggingCheckbox,ログ有効化 チェックボックス,ログを有効にする,Enable Logging,启用日志,啟用日誌,로깅 활성화,Habilitar Registro,تمكين التسجيل,
EnableLoggingTooltip,ログ有効化 ツールチップ,プラグインの動作ログをファイルに出力します。問題が発生した際の原因調査に役立ちます。,Outputs plugin operation logs to a file. Useful for investigating issues.,将插件操作日志输出到文件。有助于调查问题。,將外掛程式操作日誌輸出到檔案。有助於調查問題。,플러그인 동작 로그를 파일로 출력합니다. 문제 발생 시 원인 조사에 도움이 됩니다.,Exporta los registros de operación del complemento a un archivo. Útil para investigar problemas.,إخراج سجلات تشغيل المكون الإضافي إلى ملف. مفيد للتحقيق في المشكلات.,
VerboseLoggingCheckbox,詳細ログ有効化 チェックボックス,詳細ログを有効にする,Enable Verbose Logging,启用详细日志,啟用詳細日誌,상세 로깅 활성화,Habilitar Registro Detallado,تمكين التسجيل المطول,
VerboseLoggingTooltip,詳細ログ有効化 ツールチップ,より詳細なログを出力します。,Outputs more detailed logs.,输出更详细的日志。,輸出更詳細的日誌。,더 자세한 로그를 출력합니다.,Genera registros más detallados.,إخراج سجلات أكثر تفصيلاً.,
LogFilePathLabel,ログファイルパス ラベル,ログファイルパス,Log File Path,日志文件路径,日誌檔案路徑,로그 파일 경로,Ruta Archivo de Registro,مسار ملف السجل,
LogFilePathTooltip,ログファイルパス ツールチップ,ログファイルの出力先パスを指定します。,Specify the output path for the log file.,指定日志文件的输出路径。,指定日誌檔案的輸出路徑。,로그 파일의 출력 경로를 지정합니다.,Especifique la ruta de salida para el archivo de registro.,تحديد مسار الإخراج لملف السجل.,
MaxLogSizeLabel,最大ログサイズ ラベル,最大ログサイズ (KB),Max Log Size (KB),最大日志大小 (KB),最大日誌大小 (KB),최대 로그 크기 (KB),Tamaño Máx. Registro (KB),أقصى حجم للسجل (KB),
MaxLogSizeTooltip,最大ログサイズ ツールチップ,ログファイルの最大サイズをKB単位で指定します。これを超えると古いログから削除されます。,Specify the maximum log file size in KB. Older logs are deleted when this limit is exceeded.,指定日志文件的最大大小（KB）。超过此限制将删除旧日志。,指定日誌檔案的最大大小（KB）。超過此限制將刪除舊日誌。,로그 파일의 최대 크기를 KB 단위로 지정합니다. 이 한도를 초과하면 오래된 로그부터 삭제됩니다.,Especifique el tamaño máximo del archivo de registro en KB. Los registros antiguos se eliminan cuando se supera este límite.,تحديد الحد الأقصى لحجم ملف السجل بالكيلوبايت. يتم حذف السجلات القديمة عند تجاوز هذا الحد.,
LogLevelLabel,ログレベル ラベル,ログレベル,Log Level,日志级别,日誌級別,로그 레벨,Nivel de Registro,مستوى السجل,
LogLevelTooltip,ログレベル ツールチップ,出力するログの詳細度を設定します。1(エラーのみ)から5(全て)の範囲で設定します。,Set the detail level of the logs to output. Set in the range 1 (errors only) to 5 (all).,设置要输出的日志的详细级别。范围从1（仅错误）到5（全部）。,設定要輸出的日誌的詳細級別。範圍從1（僅錯誤）到5（全部）。,출력할 로그의 상세 수준을 설정합니다. 1(오류만)에서 5(모두) 범위 내에서 설정합니다.,Establece el nivel de detalle de los registros a generar. Rango de 1 (solo errores) a 5 (todo).,تعيين مستوى تفاصيل السجلات للإخراج. النطاق من 1 (الأخطاء فقط) إلى 5 (الكل).,
LogViewerHeader,ログビューア ヘッダー,ログビューア,Log Viewer,日志查看器,日誌檢視器,로그 뷰어,Visor de Registros,عارض السجل,
ClearLogButton,ログクリア ボタン,クリア,Clear,清除,清除,지우기,Limpiar,مسح,
ApiIntegrationGroupHeader,API連携 グループヘッダー,API連携,API Integration,API 集成,API 整合,API 연동,Integración API,تكامل API,
EnableNamedPipeApiCheckbox,名前付きパイプAPI有効化 チェックボックス,名前付きパイプAPIを有効にする (外部連携用),Enable Named Pipe API (for external integration),启用命名管道 API (用于外部集成),啟用命名管道 API (用於外部整合),명명된 파이프 API 활성화 (외부 연동용),Habilitar API de Tubería Nombrada (para integración externa),تمكين API الأنابيب المسماة (للتكامل الخارجي),
EnableNamedPipeApiTooltip,名前付きパイプAPI有効化 ツールチップ,有効にすると、外部アプリケーションからプラグインの機能にアクセスできるようになります。変更後はYMM4の再起動が必要です。,When enabled, external applications can access plugin features. Requires YMM4 restart after change.,启用后，外部应用程序可以访问插件功能。更改后需要重启YMM4。,啟用後，外部應用程式可以存取外掛程式功能。更改後需要重啟YMM4。,활성화하면 외부 애플리케이션에서 플러그인 기능에 액세스할 수 있습니다. 변경 후 YMM4를 다시 시작해야 합니다.,Cuando está habilitado, las aplicaciones externas pueden acceder a las funciones del complemento. Requiere reiniciar YMM4 después del cambio.,عند التمكين، يمكن للتطبيقات الخارجية الوصول إلى ميزات المكون الإضافي. يتطلب إعادة تشغيل YMM4 بعد التغيير.,
ExperimentalFeaturesGroupHeader,試験機能 グループヘッダー,試験機能,Experimental Features,实验性功能,實驗性功能,실험적 기능,Funciones Experimentales,ميزات تجريبية,
ShowMidiInfoWindowCheckbox,MIDI情報ウィンドウ表示 チェックボックス,MIDIファイル追加時に内部情報ウィンドウを表示する,Show MIDI info window when adding MIDI file,添加MIDI文件时显示MIDI信息窗口,新增MIDI檔案時顯示MIDI資訊視窗,MIDI 파일 추가 시 MIDI 정보 창 표시,Mostrar ventana de información MIDI al añadir archivo MIDI,إظهار نافذة معلومات MIDI عند إضافة ملف MIDI,
ShowMidiInfoWindowTooltip,MIDI情報ウィンドウ表示 ツールチップ,有効な場合、MIDIファイルのタイムライン追加時に、そのファイルのMIDI内部情報を表示するウィンドウが自動的に開きます。デバッグや詳細な情報確認に役立ちます。,If enabled, a window displaying internal MIDI information for the file will automatically open when adding a MIDI file to the timeline. Useful for debugging and detailed confirmation.,如果启用，在将MIDI文件添加到时间轴时，将自动打开一个显示该文件内部MIDI信息的窗口。有助于调试和详细信息确认。,如果啟用，在將MIDI檔案新增到時間軸時，將自動開啟一個顯示該檔案內部MIDI資訊的視窗。有助於偵錯和詳細資訊確認。,활성화된 경우 MIDI 파일을 타임라인에 추가할 때 해당 파일의 내부 MIDI 정보를 표시하는 창이 자동으로 열립니다. 디버깅 및 상세 정보 확인에 유용합니다。,Si está habilitado, se abrirá automáticamente una ventana que muestra la información MIDI interna del archivo al añadir un archivo MIDI a la línea de tiempo. Útil para depuración y confirmación detallada.,إذا تم تمكينه، ستُفتح نافذة تعرض معلومات MIDI الداخلية للملف تلقائيًا عند إضافة ملف MIDI إلى المخطط الزمني. مفيد لتصحيح الأخطاء والتأكيد التفصيلي.,
OpenMidiEditorCheckbox,MIDIエディタ自動起動 チェックボックス,MIDIファイル追加時にMIDIエディターを開く,Open MIDI editor when adding MIDI file,添加MIDI文件时打开MIDI编辑器,新增MIDI檔案時開啟MIDI編輯器,MIDI 파일 추가 시 MIDI 편집기 열기,Abrir editor MIDI al añadir archivo MIDI,فتح محرر MIDI عند إضافة ملف MIDI,
OpenMidiEditorTooltip,MIDIエディタ自動起動 ツールチップ,有効な場合、MIDIファイルのタイムライン追加時に、MIDIエディターウィンドウが自動的に開きます。,If enabled, the MIDI editor window will automatically open when adding a MIDI file to the timeline.,如果启用，在将MIDI文件添加到时间轴时，MIDI编辑器窗口将自动打开。,如果啟用，在將MIDI檔案新增到時間軸時，MIDI編輯器視窗將自動開啟。,활성화된 경우 MIDI 파일을 타임라인에 추가할 때 MIDI 편집기 창이 자동으로 열립니다.,Si está habilitado, la ventana del editor MIDI se abrirá automáticamente al añadir un archivo MIDI a la línea de tiempo.,إذا تم تمكينه، ستُفتح نافذة محرر MIDI تلقائيًا عند إضافة ملف MIDI إلى المخطط الزمني.,
ShowReleaseNotesTooltip,リリースノートボタン ツールチップ,リリースノートを表示します。,Show release notes.,显示发行说明。,顯示發行說明。,릴리스 노트를 봅니다.,Mostrar notas de la versión.,إظهار ملاحظات الإصدار.,
OpenPluginDirectoryTooltip,プラグインフォルダを開くボタン ツールチップ,プラグインのフォルダを開きます。,Open the plugins folder.,打开插件文件夹。,開啟外掛程式資料夾。,플러그인 폴더를 엽니다.,Abrir la carpeta de complementos.,افتح مجلد الإضافات.,
RefreshFilesTooltip,ファイルリスト更新ボタン ツールチップ,SFZとSoundFontのファイルリストを更新します。,Update the SFZ and SoundFont file lists.,更新SFZ和SoundFont文件列表。,更新SFZ和SoundFont檔案清單。,SFZ 및 SoundFont 파일 목록을 새로 고칩니다.,Actualizar las listas de archivos SFZ y SoundFont.,تحديث قوائم ملفات SFZ و SoundFont.,
ReloadConfigTooltip,設定再読み込みボタン ツールチップ,現在の設定をファイルから再読み込みします。変更が保存されていない場合は破棄されます。,Reloads the current settings from the file. Unsaved changes will be discarded.,从文件重新加载当前设置。未保存的更改将被丢弃。,從檔案重新載入目前設定。未儲存的變更將被捨棄。,파일에서 현재 설정을 다시 로드합니다. 저장되지 않은 변경 사항은 삭제됩니다.,Recarga la configuración actual desde el archivo. Los cambios no guardados se descartarán.,إعادة تحميل الإعدادات الحالية من الملف. سيتم تجاهل التغييرات غير المحفوظة.,
Key_VersionChecking,バージョン情報取得中,バージョン情報を取得中...,Getting version information...,正在获取版本信息...,正在取得版本資訊...,버전 정보를 가져오는 중...,Obteniendo información de la versión...,جارٍ الحصول على معلومات الإصدار...,
Key_VersionCurrent,現在のバージョン,現在のバージョン: {0},Current Version: {0},当前版本: {0},目前版本: {0},현재 버전: {0},Versión Actual: {0},{الإصدار الحالي: {0,
Key_VersionNewAvailable,バージョン番号,新しいバージョンが利用可能です: {0},New version available: {0},新版本可用: {0},新版本可用: {0},새 버전 사용 가능: {0},Nueva versión disponible: {0},{يتوفر إصدار جديد: {0,
Key_VersionUpToDate,最新バージョンです,お使いのバージョンは最新です。,Your version is up to date.,您的版本已是最新。,您的版本已是最新。,현재 사용 중인 버전이 최신입니다.,Su versión está actualizada.,إصدارك محدّث.,
Key_VersionCheckFailed,更新情報を取得できませんでした,更新情報を取得できませんでした。,Could not retrieve update information.,无法获取更新信息。,無法取得更新資訊。,업데이트 정보를 가져올 수 없습니다.,No se pudo recuperar la información de actualización.,تعذر استرداد معلومات التحديث.,
MidiWriterHeader,MIDI書き出し設定ヘッダー,MIDI変換設定,MIDI Conversion Settings,MIDI Conversion Settings,MIDI Conversion Settings,MIDI Conversion Settings,MIDI Conversion Settings,MIDI Conversion Settings,
MidiWriterQuantizeLabel,クオンタイズ分解能 ラベル,クオンタイズ分解能,Quantize Resolution,Quantize Resolution,Quantize Resolution,Quantize Resolution,Quantize Resolution,Quantize Resolution,
MidiWriterQuantizeTooltip,クオンタイズ分解能 ツールチップ,"MIDIイベントのタイミングをどの音価に合わせるか。Noneで無効化。","Which note value to align MIDI event timing to. 'None' disables quantization.","Which note value to align MIDI event timing to. 'None' disables quantization.","Which note value to align MIDI event timing to. 'None' disables quantization.","Which note value to align MIDI event timing to. 'None' disables quantization.","Which note value to align MIDI event timing to. 'None' disables quantization.","Which note value to align MIDI event timing to. 'None' disables quantization.",
MidiWriterPitchAlgoLabel,ピッチ検出アルゴリズム ラベル,ピッチ検出アルゴリズム,Pitch Detection Algorithm,Pitch Detection Algorithm,Pitch Detection Algorithm,Pitch Detection Algorithm,Pitch Detection Algorithm,Pitch Detection Algorithm,
MidiWriterPitchAlgoTooltip,ピッチ検出アルゴリズム ツールチップ,"音声からピッチ（音高）を検出する方法。YINはより正確ですが処理時間が長くなります。","Method to detect pitch from audio. YIN is more accurate but takes longer to process.","Method to detect pitch from audio. YIN is more accurate but takes longer to process.","Method to detect pitch from audio. YIN is more accurate but takes longer to process.","Method to detect pitch from audio. YIN is more accurate but takes longer to process.","Method to detect pitch from audio. YIN is more accurate but takes longer to process.","Method to detect pitch from audio. YIN is more accurate but takes longer to process.",
MidiWriterPitchSensitivityLabel,ピッチ検出感度 ラベル,ピッチ検出感度,Pitch Sensitivity,Pitch Sensitivity,Pitch Sensitivity,Pitch Sensitivity,Pitch Sensitivity,Pitch Sensitivity,
MidiWriterPitchSensitivityTooltip,ピッチ検出感度 ツールチップ,"ピッチの安定性をどの程度要求するか。値を高くするとより多くのノートを検出します。(0.0-1.0)","How much pitch stability is required. Higher values detect more notes. (0.0-1.0)","How much pitch stability is required. Higher values detect more notes. (0.0-1.0)","How much pitch stability is required. Higher values detect more notes. (0.0-1.0)","How much pitch stability is required. Higher values detect more notes. (0.0-1.0)","How much pitch stability is required. Higher values detect more notes. (0.0-1.0)","How much pitch stability is required. Higher values detect more notes. (0.0-1.0)",
MidiWriterFftSizeLabel,FFTサイズ ラベル,FFTサイズ,FFT Size,FFT Size,FFT Size,FFT Size,FFT Size,FFT Size,
MidiWriterFftSizeTooltip,FFTサイズ ツールチップ,"周波数解析に使用するサンプル数。大きいほど周波数分解能が上がりますが、時間分解能が下がります。","Number of samples for frequency analysis. Larger values increase frequency resolution but decrease time resolution.","Number of samples for frequency analysis. Larger values increase frequency resolution but decrease time resolution.","Number of samples for frequency analysis. Larger values increase frequency resolution but decrease time resolution.","Number of samples for frequency analysis. Larger values increase frequency resolution but decrease time resolution.","Number of samples for frequency analysis. Larger values increase frequency resolution but decrease time resolution.","Number of samples for frequency analysis. Larger values increase frequency resolution but decrease time resolution.",
MidiWriterMinNoteDurationLabel,最小ノート長 ラベル,"最小ノート長 (ms)",Min Note Duration (ms),Min Note Duration (ms),Min Note Duration (ms),Min Note Duration (ms),Min Note Duration (ms),Min Note Duration (ms),
MidiWriterMinNoteDurationTooltip,最小ノート長 ツールチップ,"検出されるMIDIノートの最小の長さ（ミリ秒）。短すぎるノートを除外します。","Minimum length (ms) of detected MIDI notes. Excludes notes that are too short.","Minimum length (ms) of detected MIDI notes. Excludes notes that are too short.","Minimum length (ms) of detected MIDI notes. Excludes notes that are too short.","Minimum length (ms) of detected MIDI notes. Excludes notes that are too short.","Minimum length (ms) of detected MIDI notes. Excludes notes that are too short.","Minimum length (ms) of detected MIDI notes. Excludes notes that are too short.",
MidiWriterVelocitySensitivityLabel,ベロシティ感度 ラベル,ベロシティ感度,Velocity Sensitivity,Velocity Sensitivity,Velocity Sensitivity,Velocity Sensitivity,Velocity Sensitivity,Velocity Sensitivity,
MidiWriterVelocitySensitivityTooltip,ベロシティ感度 ツールチップ,"音量の変化をMIDIベロシティに反映する度合い。高いほど音量変化が強調されます。(0.0-1.0)","Degree to which volume changes are reflected in MIDI velocity. Higher values emphasize volume changes. (0.0-1.0)","Degree to which volume changes are reflected in MIDI velocity. Higher values emphasize volume changes. (0.0-1.0)","Degree to which volume changes are reflected in MIDI velocity. Higher values emphasize volume changes. (0.0-1.0)","Degree to which volume changes are reflected in MIDI velocity. Higher values emphasize volume changes. (0.0-1.0)","Degree to which volume changes are reflected in MIDI velocity. Higher values emphasize volume changes. (0.0-1.0)","Degree to which volume changes are reflected in MIDI velocity. Higher values emphasize volume changes. (0.0-1.0)",
MidiWriterNotesHeader,注意事項 ヘッダー,注意事項,Notes,Notes,Notes,Notes,Notes,Notes,
MidiWriterNote1,注意事項1,"• この機能は実験的なものです。精度は音声の内容や設定に大きく依存します。","• This feature is experimental. Accuracy depends heavily on the audio content and settings.","• This feature is experimental. Accuracy depends heavily on the audio content and settings.","• This feature is experimental. Accuracy depends heavily on the audio content and settings.","• This feature is experimental. Accuracy depends heavily on the audio content and settings.","• This feature is experimental. Accuracy depends heavily on the audio content and settings.","• This feature is experimental. Accuracy depends heavily on the audio content and settings.",
MidiWriterNote2,注意事項2,"• 単音の楽器や声の方が、和音や複雑な音源よりも正確に変換されます。","• Monophonic instruments or voices are converted more accurately than chords or complex sources.","• Monophonic instruments or voices are converted more accurately than chords or complex sources.","• Monophonic instruments or voices are converted more accurately than chords or complex sources.","• Monophonic instruments or voices are converted more accurately than chords or complex sources.","• Monophonic instruments or voices are converted more accurately than chords or complex sources.","• Monophonic instruments or voices are converted more accurately than chords or complex sources.",
MidiWriterNote3,注意事項3,"• 処理時間は音声の長さとFFTサイズに比例して増加します。","• Processing time increases proportionally to the audio length and FFT size.","• Processing time increases proportionally to the audio length and FFT size.","• Processing time increases proportionally to the audio length and FFT size.","• Processing time increases proportionally to the audio length and FFT size.","• Processing time increases proportionally to the audio length and FFT size.","• Processing time increases proportionally to the audio length and FFT size.",
MidiWriterConfigLoadError,設定読み込みエラー,"設定画面の読み込みに失敗しました: {0}",Failed to load configuration view: {0},Failed to load configuration view: {0},Failed to load configuration view: {0},Failed to load configuration view: {0},Failed to load configuration view: {0},Failed to load configuration view: {0},
UtauModelName,UTAUモデル名,UTAU音源,UTAU Voice,UTAU Voice,UTAU Voice,UTAU Voice,UTAU Voice,UTAU Voice,
NewUtauModelName,新規UTAUモデル名,新規UTAUモデル,New UTAU Model,New UTAU Model,New UTAU Model,New UTAU Model,New UTAU Model,New UTAU Model,
DefaultUtauModelName,デフォルトUTAUモデル名,デフォルトUTAU,Default UTAU,Default UTAU,Default UTAU,Default UTAU,Default UTAU,Default UTAU,
UtauSettings,UTAU設定,UTAU音源設定,UTAU Settings,UTAU Settings,UTAU Settings,UTAU Settings,UTAU Settings,UTAU Settings,
AddUtauFolder,UTAUフォルダ追加,UTAU音源フォルダを追加,Add UTAU Voice Folder,Add UTAU Voice Folder,Add UTAU Voice Folder,Add UTAU Voice Folder,Add UTAU Voice Folder,Add UTAU Voice Folder,
RemoveUtauFolder,UTAUフォルダ削除,選択したフォルダを削除,Remove Selected Folder,Remove Selected Folder,Remove Selected Folder,Remove Selected Folder,Remove Selected Folder,Remove Selected Folder,
UtauVoiceBaseFolders,UTAU音源ベースフォルダ,UTAU音源ベースフォルダ,UTAU Voice Base Folders,UTAU Voice Base Folders,UTAU Voice Base Folders,UTAU Voice Base Folders,UTAU Voice Base Folders,UTAU Voice Base Folders,
SelectUtauFolderTitle,UTAUフォルダ選択タイトル,UTAU音源が格納されているフォルダを選択してください,Select the folder containing UTAU voices,Select the folder containing UTAU voices,Select the folder containing UTAU voices,Select the folder containing UTAU voices,Select the folder containing UTAU voices,Select the folder containing UTAU voices,
RefreshUtauVoices,UTAU音源更新,UTAU音源リストを更新,Refresh UTAU Voice List,Refresh UTAU Voice List,Refresh UTAU Voice List,Refresh UTAU Voice List,Refresh UTAU Voice List,Refresh UTAU Voice List,
NewSFModelName,新規SFモデル名,新規SFモデル,New SF Model,New SF Model,New SF Model,New SF Model,New SF Model,New SF Model,
NewSynthModelName,新規Synthモデル名,新規Synthモデル,New Synth Model,New Synth Model,New Synth Model,New Synth Model,New Synth Model,New Synth Model,
Loading,読み込み中,読み込み中...,Loading...,加载中...,載入中...,로드 중...,Cargando...,جار التحميل...,
DistributedProcessingGroupHeader,分散処理グループヘッダー,分散処理,Distributed Processing,分布式处理,分散式處理,분산 처리,Procesamiento Distribuido,المعالجة الموزعة,
EnableDistributedProcessing,分散処理有効化,分散処理を有効にする,Enable Distributed Processing,启用分布式处理,啟用分散式處理,분산 처리 활성화,Habilitar Procesamiento Distribuido,تمكين المعالجة الموزعة,
DistributedRole,分散処理ロール,ロール,Role,角色,角色,역할,Rol,الدور,
DistributedDiscoveryPort,探索ポート,探索ポート,Discovery Port,发现端口,探索連接埠,검색 포트,Puerto de Descubrimiento,منفذ الاكتشاف,
DistributedDataPort,データポート,データポート,Data Port,数据端口,資料連接埠,데이터 포트,Puerto de Datos,منفذ البيانات,
DistributedMulticast,マルチキャストアドレス,マルチキャストアドレス,Multicast Address,组播地址,多播位址,멀티캐스트 주소,Dirección Multicast,عنوان البث المتعدد,
DistributedInterface,ネットワークインターフェース,インターフェースIP,Interface IP,接口IP,介面IP,인터페이스 IP,IP de Interfaz,IP الواجهة,
DistributedChunkSize,チャンクサイズ,チャンクサイズ(Frames),Chunk Size (Frames),块大小 (帧),區塊大小 (幀),청크 크기 (프레임),Tamaño de Fragmento (Cuadros),حجم القطعة (إطارات),
DistributedRedundancy,冗長性レベル,冗長性レベル,Redundancy Level,冗余级别,冗餘級別,중복성 수준,Nivel de Redundancia,مستوى التكرار,
DistributedZeroCopy,ゼロコピー有効化,Zero Copyを使用する,Use Zero Copy,使用零拷贝,使用零拷貝,제로 카피 사용,Usar Copia Cero,استخدام النسخ الصفري,
DistributedGcStop,GC停止有効化,レンダリング中にGCを停止する,Stop GC during render,渲染期间停止GC,渲染期間停止GC,렌더링 중 GC 중지,Detener GC durante el renderizado,إيقاف GC أثناء العرض,
DistributedCompression,圧縮設定,ネットワーク圧縮,Network Compression,网络压缩,網路壓縮,네트워크 압축,Compresión de Red,ضغط الشبكة,
DistributedTimeout,タイムアウト設定,接続タイムアウト(ms),Connection Timeout (ms),连接超时 (ms),連線逾時 (ms),연결 시간 초과 (ms),Tiempo de Espera de Conexión (ms),مهلة الاتصال (مللي ثانية),
DistributedSyncInterval,同期同隔設定,同期同隔(ms),Sync Interval (ms),同步间隔 (ms),同步間隔 (ms),동기화 간격 (ms),Intervalo de Sincronización (ms),فاصل المزامنة (مللي ثانية),
DistributedCpuLimit,CPU制限設定,CPU使用率制限(%),CPU Usage Limit (%),CPU使用率限制 (%),CPU使用率限制 (%),CPU 사용량 제한 (%),Límite de Uso de CPU (%),حد استخدام وحدة المعالجة المركزية (%),
DistributedMemLimit,メモリ制限設定,メモリ使用量制限(MB),Memory Usage Limit (MB),内存使用限制 (MB),記憶體使用限制 (MB),메모리 사용량 제한 (MB),Límite de Uso de Memoria (MB),حد استخدام الذاكرة (MB),
DistributedEncryption,暗号化有効化,通信を暗号化する,Encrypt Communication,加密通信,加密通訊,통신 암호화,Cifrar Comunicación,تشفير الاتصال,
DistributedKey,暗号化キー,暗号化キー,Encryption Key,加密密钥,加密金鑰,암호화 키,Clave de Cifrado,مفتاح التشفير,
DistributedWorkerList,ワーカーリスト,検出されたワーカー,Detected Workers,检测到的工作节点,偵測到的工作節點,감지된 워커,Trabajadores Detectados,العمال المكتشفون,